TIMESTAMP,AirTC_Avg,Rain_mm_Tot
4/30/24 8:00,3.337,0
4/30/24 9:00,3.12,0
4/30/24 10:00,3.687,0
4/30/24 11:00,2.628,0
4/30/24 12:00,1.682,0
4/30/24 13:00,1.04,0
4/30/24 14:00,-0.44,0
4/30/24 15:00,-0.688,0
4/30/24 16:00,-0.597,0
4/30/24 17:00,-0.842,0
4/30/24 18:00,-1.504,0
4/30/24 19:00,-2.027,0
4/30/24 20:00,-1.876,0
4/30/24 21:00,-2.181,0
4/30/24 22:00,-2.609,0
4/30/24 23:00,-2.248,0
5/1/24 0:00,-0.324,0
5/1/24 1:00,-0.034,0
5/1/24 2:00,-0.926,0
5/1/24 3:00,-0.711,0
5/1/24 4:00,-0.351,0
5/1/24 5:00,-0.494,0
5/1/24 6:00,0.038,0
5/1/24 7:00,0.107,0
5/1/24 8:00,0.311,0
5/1/24 9:00,0.254,0
5/1/24 10:00,-0.01,0
5/1/24 11:00,-0.071,0.254
5/1/24 12:00,-0.442,0
5/1/24 13:00,-0.531,0
5/1/24 14:00,-0.721,0
5/1/24 15:00,-0.55,0
5/1/24 16:00,-0.876,0
5/1/24 17:00,-1.016,0
5/1/24 18:00,-1.102,0
5/1/24 19:00,-1.305,0
5/1/24 20:00,-1.284,0
5/1/24 21:00,-1.404,0
5/1/24 22:00,-1.59,0
5/1/24 23:00,-1.704,0
5/2/24 0:00,-1.814,0
5/2/24 1:00,-1.768,0
5/2/24 2:00,-1.966,0
5/2/24 3:00,-1.922,0
5/2/24 4:00,-2.036,0
5/2/24 5:00,-1.989,0.762
5/2/24 6:00,-1.94,0
5/2/24 7:00,-1.587,0
5/2/24 8:00,-1.661,0
5/2/24 9:00,-1.772,0
5/2/24 10:00,-1.947,0
5/2/24 11:00,-2.31,0
5/2/24 12:00,-2.617,0
5/2/24 13:00,-2.793,0
5/2/24 14:00,-3.017,0
5/2/24 15:00,-2.899,0
5/2/24 16:00,-2.937,0
5/2/24 17:00,-2.969,0
5/2/24 18:00,-2.748,0
5/2/24 19:00,-2.653,0
5/2/24 20:00,-2.544,0
5/2/24 21:00,-2.302,0
5/2/24 22:00,-2.17,0
5/2/24 23:00,-2.122,0
5/3/24 0:00,-2.007,0
5/3/24 1:00,-1.812,0
5/3/24 2:00,-1.664,0
5/3/24 3:00,-1.48,0
5/3/24 4:00,-1.297,0
5/3/24 5:00,-0.883,0
5/3/24 6:00,-0.466,0.254
5/3/24 7:00,-0.54,0.508
5/3/24 8:00,-0.661,0.508
5/3/24 9:00,-0.466,0.508
5/3/24 10:00,-0.597,1.016
5/3/24 11:00,-0.531,1.27
5/3/24 12:00,-0.712,1.016
5/3/24 13:00,-1.072,0
5/3/24 14:00,-1.455,0
5/3/24 15:00,-1.642,0
5/3/24 16:00,-1.557,0
5/3/24 17:00,-1.491,0
5/3/24 18:00,-1.31,0
5/3/24 19:00,-1.048,0
5/3/24 20:00,-0.872,0
5/3/24 21:00,-0.553,0
5/3/24 22:00,-0.506,0
5/3/24 23:00,-0.573,0.254
5/4/24 0:00,-0.713,0
5/4/24 1:00,-0.639,0
5/4/24 2:00,-0.218,0
5/4/24 3:00,-0.412,0
5/4/24 4:00,-0.643,0
5/4/24 5:00,-0.494,0
5/4/24 6:00,-0.25,0
5/4/24 7:00,-0.205,0
5/4/24 8:00,-0.485,0
5/4/24 9:00,-0.449,0
5/4/24 10:00,-0.273,0
5/4/24 11:00,0.196,0
5/4/24 12:00,-0.291,0
5/4/24 13:00,-0.422,0
5/4/24 14:00,-0.532,0
5/4/24 15:00,-0.894,0
5/4/24 16:00,-1.336,0
5/4/24 17:00,-1.833,0
5/4/24 18:00,-2.045,0
5/4/24 19:00,-2.123,0
5/4/24 20:00,-2.174,0
5/4/24 21:00,-2.343,0
5/4/24 22:00,-2.294,0
5/4/24 23:00,-2.487,0
5/5/24 0:00,-2.271,0
5/5/24 1:00,-2.349,0
5/5/24 2:00,-2.227,0
5/5/24 3:00,-2.248,0
5/5/24 4:00,-1.962,0
5/5/24 5:00,-1.575,0
5/5/24 6:00,-1.292,0.254
5/5/24 7:00,-1.186,0
5/5/24 8:00,-0.982,0
5/5/24 9:00,-1.36,0
5/5/24 10:00,-1.551,0
5/5/24 11:00,-1.755,0.254
5/5/24 12:00,-1.816,0
5/5/24 13:00,-2.146,0
5/5/24 14:00,-2.522,0
5/5/24 15:00,-2.719,0
5/5/24 16:00,-2.872,0
5/5/24 17:00,-3.132,0
5/5/24 18:00,-3.239,0
5/5/24 19:00,-3.437,0
5/5/24 20:00,-3.005,0
5/5/24 21:00,-2.791,0
5/5/24 22:00,-3.047,0
5/5/24 23:00,-2.962,0
5/6/24 0:00,-3.632,0
5/6/24 1:00,-3.617,0
5/6/24 2:00,-2.96,0
5/6/24 3:00,-2.076,0
5/6/24 4:00,-1.238,0
5/6/24 5:00,-1.659,0
5/6/24 6:00,-1.324,0
5/6/24 7:00,-0.689,0
5/6/24 8:00,-0.373,0
5/6/24 9:00,0.133,0
5/6/24 10:00,1.114,0
5/6/24 11:00,-0.556,0.762
5/6/24 12:00,-1.072,0.254
5/6/24 13:00,-1.257,0.508
5/6/24 14:00,-0.921,0
5/6/24 15:00,-1.627,0
5/6/24 16:00,-1.91,0
5/6/24 17:00,-1.548,0
5/6/24 18:00,-1.624,0
5/6/24 19:00,-2.191,0
5/6/24 20:00,-2.685,0
5/6/24 21:00,-3.191,0
5/6/24 22:00,-2.902,0
5/6/24 23:00,-2.562,0
5/7/24 0:00,-2.351,0
5/7/24 1:00,-2.277,0
5/7/24 2:00,-2.22,0
5/7/24 3:00,-2.088,0
5/7/24 4:00,-1.852,0
5/7/24 5:00,-1.633,0
5/7/24 6:00,-1.316,0
5/7/24 7:00,-1.197,0
5/7/24 8:00,-0.997,0
5/7/24 9:00,-1.068,0
5/7/24 10:00,-1.036,0
5/7/24 11:00,-1.032,0
5/7/24 12:00,-1.513,0
5/7/24 13:00,-1.905,0
5/7/24 14:00,-2.415,0
5/7/24 15:00,-2.579,0
5/7/24 16:00,-2.817,0
5/7/24 17:00,-2.813,0
5/7/24 18:00,-2.962,0
5/7/24 19:00,-3.082,0
5/7/24 20:00,-3.033,0
5/7/24 21:00,-2.925,0
5/7/24 22:00,-2.7,0
5/7/24 23:00,-2.353,0
5/8/24 0:00,-2.575,0
5/8/24 1:00,-2.634,0
5/8/24 2:00,-2.691,0
5/8/24 3:00,-2.545,0
5/8/24 4:00,-2.256,0
5/8/24 5:00,-2.232,0
5/8/24 6:00,-2.019,0
5/8/24 7:00,-1.768,0
5/8/24 8:00,-1.733,0
5/8/24 9:00,-1.753,0
5/8/24 10:00,-1.816,0
5/8/24 11:00,-1.532,0
5/8/24 12:00,-1.438,0
5/8/24 13:00,-1.412,0
5/8/24 14:00,-1.489,0
5/8/24 15:00,-1.699,0
5/8/24 16:00,-1.749,0
5/8/24 17:00,-1.944,0
5/8/24 18:00,-1.975,0
5/8/24 19:00,-1.861,0
5/8/24 20:00,-2.245,0
5/8/24 21:00,-2.931,0
5/8/24 22:00,-2.958,0
5/8/24 23:00,-2.818,0
5/9/24 0:00,-2.633,0
5/9/24 1:00,-2.291,0
5/9/24 2:00,-1.401,1.016
5/9/24 3:00,-1.073,1.016
5/9/24 4:00,-0.747,0
5/9/24 5:00,-0.634,0
5/9/24 6:00,-0.684,0
5/9/24 7:00,-0.383,0
5/9/24 8:00,-0.3,0
5/9/24 9:00,-0.486,0
5/9/24 10:00,-1.325,0
5/9/24 11:00,-2.002,0
5/9/24 12:00,-2.786,0
5/9/24 13:00,-3.639,0
5/9/24 14:00,-4.442,0
5/9/24 15:00,-4.751,0
5/9/24 16:00,-4.878,0
5/9/24 17:00,-4.678,0
5/9/24 18:00,-4.502,0.254
5/9/24 19:00,-4.409,0
5/9/24 20:00,-4.12,0
5/9/24 21:00,-4.148,0
5/9/24 22:00,-4.204,0
5/9/24 23:00,-4.686,0
5/10/24 0:00,-5.34,0
5/10/24 1:00,-5.954,0
5/10/24 2:00,-5.473,0
5/10/24 3:00,-5.519,0
5/10/24 4:00,-5.254,0
5/10/24 5:00,-4.826,0
5/10/24 6:00,-4.824,0
5/10/24 7:00,-4.764,0
5/10/24 8:00,-4.478,0
5/10/24 9:00,-4.097,0
5/10/24 10:00,-4.306,0
5/10/24 11:00,-4.575,0
5/10/24 12:00,-4.814,0
5/10/24 13:00,-5.245,0
5/10/24 14:00,-6.043,0
5/10/24 15:00,-7.407,0
5/10/24 16:00,-7.118,0
5/10/24 17:00,-6.847,0
5/10/24 18:00,-5.462,0
5/10/24 19:00,-5.702,0
5/10/24 20:00,-5.288,0
5/10/24 21:00,-4.972,0
5/10/24 22:00,-4.853,0
5/10/24 23:00,-4.582,0
5/11/24 0:00,-4.53,0
5/11/24 1:00,-4.767,0
5/11/24 2:00,-4.6,0
5/11/24 3:00,-4.342,0
5/11/24 4:00,-4.345,0
5/11/24 5:00,-4.505,0
5/11/24 6:00,-4.444,0
5/11/24 7:00,-4.159,0
5/11/24 8:00,-3.957,0
5/11/24 9:00,-3.67,0
5/11/24 10:00,-3.364,0
5/11/24 11:00,-2.787,0
5/11/24 12:00,-2.622,0
5/11/24 13:00,-2.742,0
5/11/24 14:00,-3.048,0
5/11/24 15:00,-3.163,0
5/11/24 16:00,-3.041,0
5/11/24 17:00,-3.014,0
5/11/24 18:00,-2.967,0
5/11/24 19:00,-2.839,0
5/11/24 20:00,-2.91,0
5/11/24 21:00,-3.107,0
5/11/24 22:00,-3.167,0
5/11/24 23:00,-3.105,0
5/12/24 0:00,-3.019,0
5/12/24 1:00,-3.022,0
5/12/24 2:00,-2.896,0
5/12/24 3:00,-2.859,0
5/12/24 4:00,-2.631,0
5/12/24 5:00,-2.366,0
5/12/24 6:00,-2.095,0.254
5/12/24 7:00,-1.7,0.254
5/12/24 8:00,-1.677,0
5/12/24 9:00,-1.714,0
5/12/24 10:00,-1.791,0
5/12/24 11:00,-1.867,0
5/12/24 12:00,-2.014,0
5/12/24 13:00,-2.053,0
5/12/24 14:00,-2.45,0
5/12/24 15:00,-3.371,0
5/12/24 16:00,-3.771,0
5/12/24 17:00,-3.718,0
5/12/24 18:00,-4.42,0
5/12/24 19:00,-4.85,0
5/12/24 20:00,-4.677,0
5/12/24 21:00,-4.182,0
5/12/24 22:00,-4.27,0
5/12/24 23:00,-3.76,0
5/13/24 0:00,-3.318,0
5/13/24 1:00,-2.958,0
5/13/24 2:00,-2.4,0.254
5/13/24 3:00,-1.616,0
5/13/24 4:00,-1.807,0
5/13/24 5:00,-1.072,0
5/13/24 6:00,0.633,0
5/13/24 7:00,-0.099,0
5/13/24 8:00,-0.599,0
5/13/24 9:00,-0.574,0
5/13/24 10:00,-0.481,0
5/13/24 11:00,-0.481,0
5/13/24 12:00,-1.493,0
5/13/24 13:00,-1.51,0
5/13/24 14:00,-2.088,0
5/13/24 15:00,-2.689,0
5/13/24 16:00,-3.699,0
5/13/24 17:00,-3.65,0
5/13/24 18:00,-3.19,0
5/13/24 19:00,-3.06,0
5/13/24 20:00,-2.901,0
5/13/24 21:00,-2.594,0
5/13/24 22:00,-2.282,0
5/13/24 23:00,-2.107,0
5/14/24 0:00,-1.749,0
5/14/24 1:00,-1.755,0
5/14/24 2:00,-1.679,0
5/14/24 3:00,-1.399,0
5/14/24 4:00,0.685,0
5/14/24 5:00,0.441,0
5/14/24 6:00,1.013,0
5/14/24 7:00,1.331,0
5/14/24 8:00,0.411,0
5/14/24 9:00,0.508,0
5/14/24 10:00,0.485,0
5/14/24 11:00,-1.041,0.762
5/14/24 12:00,-0.882,0.762
5/14/24 13:00,-1.252,0
5/14/24 14:00,-2.305,0
5/14/24 15:00,-3.552,0
5/14/24 16:00,-4.295,0
5/14/24 17:00,-6.648,0
5/14/24 18:00,-6.598,0
5/14/24 19:00,-6.891,0
5/14/24 20:00,-6.875,0
5/14/24 21:00,-6.506,0
5/14/24 22:00,-6.335,0
5/14/24 23:00,-6.592,0
5/15/24 0:00,-6.609,0
5/15/24 1:00,-3.757,0
5/15/24 2:00,-4.73,0
5/15/24 3:00,-2.832,0
5/15/24 4:00,-1.612,0
5/15/24 5:00,-0.101,0
5/15/24 6:00,0.618,0
5/15/24 7:00,1.119,0
5/15/24 8:00,1.553,0
5/15/24 9:00,1.472,0
5/15/24 10:00,0.754,0
5/15/24 11:00,0.888,0
5/15/24 12:00,0.217,0
5/15/24 13:00,-0.243,0
5/15/24 14:00,-0.79,0
5/15/24 15:00,-2.215,0
5/15/24 16:00,-2.486,0
5/15/24 17:00,-3.317,0
5/15/24 18:00,-3.563,0
5/15/24 19:00,-3.89,0
5/15/24 20:00,-3.889,0
5/15/24 21:00,-4.112,0
5/15/24 22:00,-4.551,0
5/15/24 23:00,-4.399,0
5/16/24 0:00,-4.232,0
5/16/24 1:00,-2.973,0
5/16/24 2:00,-1.941,0
5/16/24 3:00,-1.071,0
5/16/24 4:00,0.808,0
5/16/24 5:00,1.081,0
5/16/24 6:00,1.485,0
5/16/24 7:00,1.392,0
5/16/24 8:00,1.424,0
5/16/24 9:00,1.137,0
5/16/24 10:00,0.722,0
5/16/24 11:00,0.724,0
5/16/24 12:00,0.764,0
5/16/24 13:00,1.144,0
5/16/24 14:00,0.518,0
5/16/24 15:00,0.515,0
5/16/24 16:00,-0.22,0
5/16/24 17:00,0.376,0
5/16/24 18:00,0.013,0
5/16/24 19:00,-0.401,0
5/16/24 20:00,-2.683,0
5/16/24 21:00,-2.584,0
5/16/24 22:00,-2.087,0
5/16/24 23:00,-2.043,0
5/17/24 0:00,-1.264,0
5/17/24 1:00,-1.207,0
5/17/24 2:00,-1.082,0
5/17/24 3:00,-0.604,0
5/17/24 4:00,-0.002,0
5/17/24 5:00,-0.714,0
5/17/24 6:00,-0.783,0
5/17/24 7:00,-0.138,0
5/17/24 8:00,-0.193,0
5/17/24 9:00,-0.29,0
5/17/24 10:00,-0.227,0
5/17/24 11:00,-0.361,0
5/17/24 12:00,-0.745,0
5/17/24 13:00,-1.104,0
5/17/24 14:00,-1.081,0
5/17/24 15:00,-1.225,0
5/17/24 16:00,-1.292,0
5/17/24 17:00,-1.388,0
5/17/24 18:00,-1.477,0
5/17/24 19:00,-1.351,0
5/17/24 20:00,-1.371,0
5/17/24 21:00,-1.409,0
5/17/24 22:00,-1.402,0
5/17/24 23:00,-1.722,0
5/18/24 0:00,-1.57,0
5/18/24 1:00,-1.373,0
5/18/24 2:00,-1.244,0.254
5/18/24 3:00,-0.549,2.794
5/18/24 4:00,0.716,0
5/18/24 5:00,1.175,0
5/18/24 6:00,1.46,0
5/18/24 7:00,0.965,0
5/18/24 8:00,0.743,0
5/18/24 9:00,0.504,0
5/18/24 10:00,0.357,0
5/18/24 11:00,0.213,0
5/18/24 12:00,0.382,0
5/18/24 13:00,0.159,0
5/18/24 14:00,-0.695,0
5/18/24 15:00,-1.424,0
5/18/24 16:00,-2.128,0
5/18/24 17:00,-2.488,0
5/18/24 18:00,-1.848,0
5/18/24 19:00,-2.107,0
5/18/24 20:00,-2.089,0
5/18/24 21:00,-1.973,0
5/18/24 22:00,-1.873,0
5/18/24 23:00,-2.215,0
5/19/24 0:00,-2.223,0
5/19/24 1:00,-2.09,0
5/19/24 2:00,-1.657,0
5/19/24 3:00,-1.558,0
5/19/24 4:00,-1.303,0
5/19/24 5:00,-1.145,0
5/19/24 6:00,-1.022,0
5/19/24 7:00,-0.687,0
5/19/24 8:00,-0.847,0
5/19/24 9:00,-0.843,0
5/19/24 10:00,-0.843,0
5/19/24 11:00,-1.106,0
5/19/24 12:00,-1.316,0
5/19/24 13:00,-1.658,0
5/19/24 14:00,-1.973,0
5/19/24 15:00,-2.157,0
5/19/24 16:00,-2.265,0
5/19/24 17:00,-2.326,0
5/19/24 18:00,-2.379,0
5/19/24 19:00,-2.227,0
5/19/24 20:00,-2.057,0
5/19/24 21:00,-1.998,0
5/19/24 22:00,-1.756,0
5/19/24 23:00,-1.441,0
5/20/24 0:00,-2.059,0
5/20/24 1:00,-2.369,0
5/20/24 2:00,-2.092,0.254
5/20/24 3:00,-1.514,0
5/20/24 4:00,-1.19,0
5/20/24 5:00,-0.777,0
5/20/24 6:00,0.312,0.254
5/20/24 7:00,1.84,0
5/20/24 8:00,0.848,0.254
5/20/24 9:00,0.872,0
5/20/24 10:00,1.042,0.254
5/20/24 11:00,0.717,0
5/20/24 12:00,0.381,0
5/20/24 13:00,0.167,0.508
5/20/24 14:00,-1.693,0.254
5/20/24 15:00,-1.794,0
5/20/24 16:00,-1.086,0
5/20/24 17:00,-5.207,0
5/20/24 18:00,-4.458,0
5/20/24 19:00,-4.541,0
5/20/24 20:00,-5.445,0
5/20/24 21:00,-5.157,0
5/20/24 22:00,-4.998,0
5/20/24 23:00,-5.477,0
5/21/24 0:00,-5.145,0
5/21/24 1:00,-4.439,0
5/21/24 2:00,-3.224,0
5/21/24 3:00,-1.914,0
5/21/24 4:00,-0.208,0
5/21/24 5:00,1.433,0
5/21/24 6:00,2.217,0
5/21/24 7:00,2.215,0
5/21/24 8:00,1.685,0
5/21/24 9:00,1.857,0
5/21/24 10:00,1.546,0
5/21/24 11:00,1.658,0
5/21/24 12:00,1.659,0
5/21/24 13:00,1.427,0
5/21/24 14:00,0.993,0
5/21/24 15:00,0.256,0
5/21/24 16:00,0.211,0
5/21/24 17:00,0.935,0
5/21/24 18:00,-0.044,0
5/21/24 19:00,0.065,0
5/21/24 20:00,0.009,0
5/21/24 21:00,-0.544,0
5/21/24 22:00,-1.277,0
5/21/24 23:00,-1.611,0
5/22/24 0:00,-1.762,0
5/22/24 1:00,-1.442,0
5/22/24 2:00,-1.385,0
5/22/24 3:00,-1.621,0
5/22/24 4:00,-1.72,0
5/22/24 5:00,-1.667,0
5/22/24 6:00,-1.641,0
5/22/24 7:00,-1.712,0
5/22/24 8:00,-1.504,0
5/22/24 9:00,-1.492,0
5/22/24 10:00,-1.097,0
5/22/24 11:00,-1.136,0
5/22/24 12:00,-1.15,0
5/22/24 13:00,-1.241,0
5/22/24 14:00,-1.329,0
5/22/24 15:00,-1.447,0
5/22/24 16:00,-1.494,0
5/22/24 17:00,-1.436,0
5/22/24 18:00,-1.344,0
5/22/24 19:00,-1.352,0
5/22/24 20:00,-1.283,0
5/22/24 21:00,-1.19,0
5/22/24 22:00,-1.048,0
5/22/24 23:00,-1.037,0
5/23/24 0:00,-1.112,0
5/23/24 1:00,-1.045,0
5/23/24 2:00,-0.94,0
5/23/24 3:00,-0.52,0
5/23/24 4:00,-0.024,0.254
5/23/24 5:00,0.239,0.508
5/23/24 6:00,0.474,0.508
5/23/24 7:00,0.547,0.508
5/23/24 8:00,0.497,0.762
5/23/24 9:00,-0.674,0.254
5/23/24 10:00,-0.571,0
5/23/24 11:00,-0.999,0
5/23/24 12:00,-1.044,0.508
5/23/24 13:00,-0.831,0.508
5/23/24 14:00,-1.3,0.254
5/23/24 15:00,-1.32,0
5/23/24 16:00,-1.502,0.254
5/23/24 17:00,-1.811,0
5/23/24 18:00,-1.73,0
5/23/24 19:00,-1.818,0
5/23/24 20:00,-2.058,0
5/23/24 21:00,-2.125,0
5/23/24 22:00,-1.976,0
5/23/24 23:00,-1.708,0
5/24/24 0:00,-1.532,0
5/24/24 1:00,-1.396,0
5/24/24 2:00,-1.184,0
5/24/24 3:00,-0.769,2.032
5/24/24 4:00,-0.463,2.032
5/24/24 5:00,-0.415,0
5/24/24 6:00,-0.131,0
5/24/24 7:00,0.146,0
5/24/24 8:00,-0.013,0
5/24/24 9:00,0.148,0
5/24/24 10:00,0.486,0
5/24/24 11:00,0.252,0
5/24/24 12:00,0.686,0
5/24/24 13:00,0.655,0
5/24/24 14:00,0.721,0
5/24/24 15:00,-0.329,0
5/24/24 16:00,-1.624,0
5/24/24 17:00,-1.747,0
5/24/24 18:00,-0.402,0
5/24/24 19:00,0.426,0
5/24/24 20:00,0.766,0
5/24/24 21:00,1.468,0
5/24/24 22:00,1.822,0
5/24/24 23:00,0.978,0
5/25/24 0:00,0.354,0
5/25/24 1:00,0.682,0.762
5/25/24 2:00,1.108,0
5/25/24 3:00,1.032,0
5/25/24 4:00,0.785,0
5/25/24 5:00,0.639,0
5/25/24 6:00,0.806,0
5/25/24 7:00,0.677,0
5/25/24 8:00,1.019,0
5/25/24 9:00,1.501,0
5/25/24 10:00,1.187,0
5/25/24 11:00,1.463,0
5/25/24 12:00,1.192,0
5/25/24 13:00,0.765,0
5/25/24 14:00,0.145,0
5/25/24 15:00,-0.096,0
5/25/24 16:00,-0.256,0
5/25/24 17:00,-0.526,0
5/25/24 18:00,-0.69,0
5/25/24 19:00,-0.836,0
5/25/24 20:00,-0.947,0
5/25/24 21:00,-1.048,0
5/25/24 22:00,-1.099,0
5/25/24 23:00,-0.958,0
5/26/24 0:00,-0.872,0
5/26/24 1:00,-0.531,0
5/26/24 2:00,-0.322,0
5/26/24 3:00,-0.314,3.048
5/26/24 4:00,-0.223,2.286
5/26/24 5:00,0.585,0.254
5/26/24 6:00,1.791,0.254
5/26/24 7:00,2.055,0
5/26/24 8:00,2.35,0
5/26/24 9:00,3.019,0
5/26/24 10:00,3.229,0
5/26/24 11:00,3.244,0
5/26/24 12:00,3.01,0
5/26/24 13:00,2.147,0
5/26/24 14:00,1.628,0
5/26/24 15:00,1.365,0
5/26/24 16:00,1.013,0
5/26/24 17:00,0.992,0
5/26/24 18:00,0.945,0
5/26/24 19:00,0.736,0
5/26/24 20:00,0.44,0
5/26/24 21:00,0.356,0
5/26/24 22:00,0.597,0
5/26/24 23:00,0.883,0
5/27/24 0:00,0.334,0
5/27/24 1:00,0.798,0
5/27/24 2:00,1.565,0
5/27/24 3:00,1.616,0
5/27/24 4:00,2.778,0
5/27/24 5:00,3.046,0
5/27/24 6:00,2.852,0
5/27/24 7:00,2.827,0
5/27/24 8:00,2.695,0
5/27/24 9:00,2.731,0
5/27/24 10:00,2.441,0
5/27/24 11:00,2.082,0
5/27/24 12:00,2.558,0
5/27/24 13:00,1.506,0
5/27/24 14:00,1.242,0
5/27/24 15:00,1.97,0
5/27/24 16:00,1.77,0
5/27/24 17:00,1.632,0
5/27/24 18:00,1.422,0
5/27/24 19:00,1.017,0
5/27/24 20:00,1.028,0
5/27/24 21:00,1.04,0
5/27/24 22:00,1.162,0
5/27/24 23:00,0.211,0
5/28/24 0:00,-0.009,0
5/28/24 1:00,0.844,0
5/28/24 2:00,1.672,0
5/28/24 3:00,1.826,0
5/28/24 4:00,2.154,0
5/28/24 5:00,2.646,0
5/28/24 6:00,2.248,0
5/28/24 7:00,2.335,0
5/28/24 8:00,2.293,0
5/28/24 9:00,2.224,0
5/28/24 10:00,2.337,0
5/28/24 11:00,2.478,0
5/28/24 12:00,2.258,0
5/28/24 13:00,1.808,0
5/28/24 14:00,1.888,0
5/28/24 15:00,0.97,0
5/28/24 16:00,0.712,0
5/28/24 17:00,1.076,0
5/28/24 18:00,0.465,0
5/28/24 19:00,-0.595,0
5/28/24 20:00,-0.194,0
5/28/24 21:00,-0.906,0
5/28/24 22:00,-1.489,0
5/28/24 23:00,-1.407,0
5/29/24 0:00,-1.218,0
5/29/24 1:00,-0.782,0
5/29/24 2:00,0.237,0
5/29/24 3:00,2.09,0
5/29/24 4:00,2.843,0
5/29/24 5:00,2.697,0
5/29/24 6:00,3.375,0
5/29/24 7:00,2.389,0
5/29/24 8:00,3.129,0
5/29/24 9:00,3.82,0
5/29/24 10:00,4.324,0
5/29/24 11:00,3.429,0
5/29/24 12:00,4.321,0
5/29/24 13:00,4.227,0
5/29/24 14:00,2.072,0
5/29/24 15:00,1.851,0
5/29/24 16:00,1.369,0
5/29/24 17:00,0.813,0
5/29/24 18:00,-0.141,0
5/29/24 19:00,0.105,0
5/29/24 20:00,0.139,0
5/29/24 21:00,0.009,0
5/29/24 22:00,0.247,0
5/29/24 23:00,-0.071,0
5/30/24 0:00,-0.134,0
5/30/24 1:00,0.039,0
5/30/24 2:00,0.364,0
5/30/24 3:00,0.412,0
5/30/24 4:00,0.516,0
5/30/24 5:00,0.43,0
5/30/24 6:00,0.552,0
5/30/24 7:00,0.41,0
5/30/24 8:00,0.571,0.254
5/30/24 9:00,0.443,0
5/30/24 10:00,0.557,0.254
5/30/24 11:00,0.335,0
5/30/24 12:00,0.208,0
5/30/24 13:00,0.053,0
5/30/24 14:00,-0.448,0
5/30/24 15:00,-0.647,0
5/30/24 16:00,-0.808,0
5/30/24 17:00,-0.857,0
5/30/24 18:00,-0.662,0
5/30/24 19:00,-0.455,0
5/30/24 20:00,-0.578,0
5/30/24 21:00,-0.853,0
5/30/24 22:00,-0.534,0
5/30/24 23:00,-0.424,0
5/31/24 0:00,-0.295,0
5/31/24 1:00,-0.1,0
5/31/24 2:00,0.045,0.254
5/31/24 3:00,-0.065,0.254
5/31/24 4:00,0.044,0
5/31/24 5:00,0.062,0
5/31/24 6:00,0.153,0
5/31/24 7:00,0.559,0.254
5/31/24 8:00,0.77,0
5/31/24 9:00,0.801,0
5/31/24 10:00,0.914,0.254
5/31/24 11:00,0.9,0
5/31/24 12:00,0.822,0
5/31/24 13:00,0.682,0
5/31/24 14:00,0.588,0
5/31/24 15:00,0.293,0
5/31/24 16:00,-0.046,0
5/31/24 17:00,-0.42,0
5/31/24 18:00,-0.582,0
5/31/24 19:00,-0.585,0
5/31/24 20:00,-0.612,0
5/31/24 21:00,-0.799,0
5/31/24 22:00,-0.58,0
5/31/24 23:00,-0.172,0
6/1/24 0:00,0.244,0
6/1/24 1:00,0.771,0
6/1/24 2:00,1.594,0
6/1/24 3:00,2.054,0
6/1/24 4:00,2.342,0
6/1/24 5:00,1.547,0
6/1/24 6:00,1.12,0.254
6/1/24 7:00,0.887,0.762
6/1/24 8:00,0.96,1.016
6/1/24 9:00,1.409,0.508
6/1/24 10:00,2.606,0.254
6/1/24 11:00,2.636,0.254
6/1/24 12:00,2.672,0
6/1/24 13:00,3.02,0
6/1/24 14:00,2.988,0
6/1/24 15:00,3.284,0
6/1/24 16:00,3.422,0
6/1/24 17:00,3.062,0
6/1/24 18:00,2.564,0.254
6/1/24 19:00,2.58,0.254
6/1/24 20:00,2.549,0.254
6/1/24 21:00,2.77,0
6/1/24 22:00,2.629,0.254
6/1/24 23:00,2.467,0
6/2/24 0:00,2.099,0.508
6/2/24 1:00,1.624,0
6/2/24 2:00,1.567,0
6/2/24 3:00,2.06,0
6/2/24 4:00,2.198,0
6/2/24 5:00,2.455,0
6/2/24 6:00,2.44,0
6/2/24 7:00,2.331,0
6/2/24 8:00,2.754,0
6/2/24 9:00,2.894,0
6/2/24 10:00,3.054,0
6/2/24 11:00,2.651,0
6/2/24 12:00,1.867,0
6/2/24 13:00,1.705,0.254
6/2/24 14:00,1.649,0
6/2/24 15:00,1.532,0
6/2/24 16:00,1.25,0
6/2/24 17:00,1.135,0
6/2/24 18:00,1.057,0
6/2/24 19:00,1.11,0
6/2/24 20:00,1.24,0
6/2/24 21:00,1.351,0
6/2/24 22:00,1.292,0
6/2/24 23:00,1.219,0
6/3/24 0:00,1.257,0
6/3/24 1:00,1.101,0
6/3/24 2:00,1.201,0
6/3/24 3:00,1.492,0
6/3/24 4:00,1.465,0
6/3/24 5:00,1.648,0
6/3/24 6:00,1.743,0
6/3/24 7:00,1.761,0
6/3/24 8:00,1.979,0
6/3/24 9:00,1.99,0
6/3/24 10:00,1.923,0
6/3/24 11:00,2.019,0
6/3/24 12:00,1.702,0
6/3/24 13:00,1.542,0
6/3/24 14:00,1.509,0
6/3/24 15:00,1.495,0
6/3/24 16:00,1.289,0
6/3/24 17:00,1.199,0
6/3/24 18:00,1.194,0
6/3/24 19:00,1.249,0
6/3/24 20:00,1.121,0
6/3/24 21:00,1.158,0
6/3/24 22:00,1.297,0
6/3/24 23:00,1.643,0
6/4/24 0:00,1.758,0
6/4/24 1:00,1.776,0
6/4/24 2:00,1.972,0
6/4/24 3:00,2.312,0
6/4/24 4:00,2.314,0
6/4/24 5:00,2.641,0
6/4/24 6:00,2.627,0
6/4/24 7:00,2.96,0
6/4/24 8:00,2.743,0
6/4/24 9:00,2.769,0
6/4/24 10:00,2.556,0
6/4/24 11:00,2.397,0
6/4/24 12:00,2.496,0
6/4/24 13:00,3.336,0
6/4/24 14:00,3.259,0
6/4/24 15:00,2.083,0
6/4/24 16:00,1.548,0
6/4/24 17:00,0.933,0
6/4/24 18:00,0.113,0
6/4/24 19:00,0.443,0
6/4/24 20:00,0.769,0
6/4/24 21:00,0.692,0
6/4/24 22:00,0.31,0
6/4/24 23:00,0.495,0
6/5/24 0:00,0.732,0
6/5/24 1:00,0.732,0
6/5/24 2:00,0.457,0
6/5/24 3:00,1.531,0
6/5/24 4:00,1.718,0
6/5/24 5:00,2.704,0
6/5/24 6:00,3.953,0
6/5/24 7:00,4.57,0
6/5/24 8:00,3.504,0
6/5/24 9:00,4.751,0
6/5/24 10:00,4.025,0
6/5/24 11:00,3.033,0
6/5/24 12:00,3.17,0
6/5/24 13:00,3.917,0
6/5/24 14:00,3.617,0
6/5/24 15:00,3.35,0
6/5/24 16:00,3.904,0
6/5/24 17:00,3.668,0
6/5/24 18:00,3.087,0
6/5/24 19:00,2.844,0
6/5/24 20:00,3.153,0
6/5/24 21:00,2.89,0
6/5/24 22:00,2.637,0
6/5/24 23:00,2.746,0
6/6/24 0:00,2.941,0
6/6/24 1:00,2.478,0
6/6/24 2:00,2.612,0
6/6/24 3:00,2.434,0
6/6/24 4:00,2.137,0
6/6/24 5:00,1.866,0
6/6/24 6:00,2.004,0
6/6/24 7:00,1.975,0
6/6/24 8:00,1.844,0
6/6/24 9:00,1.736,0
6/6/24 10:00,1.594,0
6/6/24 11:00,1.414,0
6/6/24 12:00,1.476,0
6/6/24 13:00,1.333,0
6/6/24 14:00,1.636,0
6/6/24 15:00,1.783,0
6/6/24 16:00,1.847,0.254
6/6/24 17:00,1.984,1.27
6/6/24 18:00,2.035,1.778
6/6/24 19:00,2.123,1.524
6/6/24 20:00,2.155,1.524
6/6/24 21:00,1.972,1.27
6/6/24 22:00,1.866,0.762
6/6/24 23:00,1.706,0.508
6/7/24 0:00,1.468,0.254
6/7/24 1:00,1.456,0.254
6/7/24 2:00,1.411,0.254
6/7/24 3:00,1.428,0
6/7/24 4:00,1.585,0
6/7/24 5:00,1.56,0
6/7/24 6:00,1.305,0
6/7/24 7:00,0.887,0
6/7/24 8:00,0.888,0
6/7/24 9:00,0.865,0
6/7/24 10:00,0.788,0.254
6/7/24 11:00,0.86,0
6/7/24 12:00,0.936,0.254
6/7/24 13:00,0.349,0
6/7/24 14:00,0.141,0
6/7/24 15:00,-0.171,0
6/7/24 16:00,-0.9,0
6/7/24 17:00,-1.126,0
6/7/24 18:00,-1.266,0
6/7/24 19:00,-1.375,0
6/7/24 20:00,-1.265,0
6/7/24 21:00,-1.338,0
6/7/24 22:00,-1.041,0
6/7/24 23:00,-0.469,0
6/8/24 0:00,0.177,0
6/8/24 1:00,0.63,0
6/8/24 2:00,0.879,0
6/8/24 3:00,1.135,0
6/8/24 4:00,1.096,0
6/8/24 5:00,1.404,0.254
6/8/24 6:00,1.518,0.508
6/8/24 7:00,1.351,0.254
6/8/24 8:00,0.547,0.254
6/8/24 9:00,-0.11,0
6/8/24 10:00,-0.022,0
6/8/24 11:00,0.028,0
6/8/24 12:00,0.256,0
6/8/24 13:00,0.439,0
6/8/24 14:00,0.61,0
6/8/24 15:00,0.771,0
6/8/24 16:00,0.792,0
6/8/24 17:00,1.138,0
6/8/24 18:00,1.21,0
6/8/24 19:00,0.903,0
6/8/24 20:00,1.059,0
6/8/24 21:00,1.131,0
6/8/24 22:00,1.66,0
6/8/24 23:00,2.522,0
6/9/24 0:00,2.558,0
6/9/24 1:00,2.452,0
6/9/24 2:00,3.576,0
6/9/24 3:00,4.419,0
6/9/24 4:00,5.159,0
6/9/24 5:00,5.379,0
6/9/24 6:00,5.409,0
6/9/24 7:00,5.056,0
6/9/24 8:00,5.78,0
6/9/24 9:00,6.457,0
6/9/24 10:00,5.939,0.254
6/9/24 11:00,4.752,0
6/9/24 12:00,3.773,2.54
6/9/24 13:00,3.775,2.54
6/9/24 14:00,4.295,1.524
6/9/24 15:00,3.717,3.048
6/9/24 16:00,3.348,4.064
6/9/24 17:00,2.99,5.334
6/9/24 18:00,2.421,3.556
6/9/24 19:00,2.363,2.54
6/9/24 20:00,1.983,2.54
6/9/24 21:00,1.871,1.016
6/9/24 22:00,2.014,1.016
6/9/24 23:00,2.007,0.508
6/10/24 0:00,1.978,0.508
6/10/24 1:00,2.041,0.508
6/10/24 2:00,1.912,0.508
6/10/24 3:00,1.983,1.778
6/10/24 4:00,1.946,1.27
6/10/24 5:00,1.802,0
6/10/24 6:00,2.124,0
6/10/24 7:00,2.432,0
6/10/24 8:00,2.281,0
6/10/24 9:00,2.342,0
6/10/24 10:00,2.353,0
6/10/24 11:00,2.341,0
6/10/24 12:00,2.348,0.254
6/10/24 13:00,2.246,1.016
6/10/24 14:00,2.351,1.016
6/10/24 15:00,2.182,0.762
6/10/24 16:00,2.207,0.762
6/10/24 17:00,2.112,0.762
6/10/24 18:00,2.199,0.762
6/10/24 19:00,2.188,1.016
6/10/24 20:00,2.021,0.762
6/10/24 21:00,2.006,0.762
6/10/24 22:00,1.958,0.254
6/10/24 23:00,2.175,0.762
6/11/24 0:00,2.211,1.524
6/11/24 1:00,2.075,1.524
6/11/24 2:00,2.126,1.27
6/11/24 3:00,2.272,1.016
6/11/24 4:00,2.449,1.016
6/11/24 5:00,2.674,0.762
6/11/24 6:00,2.565,0.762
6/11/24 7:00,2.059,0.254
6/11/24 8:00,1.478,0
6/11/24 9:00,1.127,0.254
6/11/24 10:00,1.28,0
6/11/24 11:00,1.396,0
6/11/24 12:00,1.681,0
6/11/24 13:00,2.652,0
6/11/24 14:00,3.534,0
6/11/24 15:00,3.478,0
6/11/24 16:00,3.444,0
6/11/24 17:00,3.505,0
6/11/24 18:00,2.122,0
6/11/24 19:00,1.776,0
6/11/24 20:00,2.165,0.254
6/11/24 21:00,1.945,0.254
6/11/24 22:00,2.172,0.254
6/11/24 23:00,2.462,0
6/12/24 0:00,2.472,0
6/12/24 1:00,2.35,0
6/12/24 2:00,2.355,0
6/12/24 3:00,2.388,0
6/12/24 4:00,2.924,0
6/12/24 5:00,3.163,0
6/12/24 6:00,3.895,0
6/12/24 7:00,2.04,0
6/12/24 8:00,1.74,0
6/12/24 9:00,1.637,0
6/12/24 10:00,1.507,0
6/12/24 11:00,1.155,0
6/12/24 12:00,1.208,0
6/12/24 13:00,0.971,0
6/12/24 14:00,1.058,0
6/12/24 15:00,0.582,0
6/12/24 16:00,0.833,0
6/12/24 17:00,0.127,0
6/12/24 18:00,-0.349,0
6/12/24 19:00,-1.509,0
6/12/24 20:00,-1.35,0
6/12/24 21:00,-1.584,0
6/12/24 22:00,-2.771,0
6/12/24 23:00,-2.35,0
6/13/24 0:00,-1.593,0
6/13/24 1:00,-0.377,0
6/13/24 2:00,-0.109,0
6/13/24 3:00,0.503,0
6/13/24 4:00,0.839,0
6/13/24 5:00,1.255,0
6/13/24 6:00,1.6,0
6/13/24 7:00,1.803,0
6/13/24 8:00,1.99,0
6/13/24 9:00,2.155,0
6/13/24 10:00,2.227,0
6/13/24 11:00,2.236,0
6/13/24 12:00,2.09,0
6/13/24 13:00,2.319,0
6/13/24 14:00,1.569,0
6/13/24 15:00,1.334,0
6/13/24 16:00,1.137,0
6/13/24 17:00,0.794,0
6/13/24 18:00,0.329,0
6/13/24 19:00,-0.218,0
6/13/24 20:00,-0.628,0
6/13/24 21:00,-0.443,0
6/13/24 22:00,-0.602,0
6/13/24 23:00,-1.185,0
6/14/24 0:00,-1.164,0
6/14/24 1:00,0.307,0
6/14/24 2:00,0.45,0
6/14/24 3:00,0.91,0
6/14/24 4:00,1.798,0
6/14/24 5:00,2.726,0
6/14/24 6:00,2.816,0
6/14/24 7:00,3.165,0
6/14/24 8:00,3.102,0
6/14/24 9:00,3.712,0
6/14/24 10:00,3.595,0
6/14/24 11:00,3.054,0
6/14/24 12:00,3.181,0
6/14/24 13:00,2.909,0
6/14/24 14:00,3.059,0
6/14/24 15:00,3.11,0
6/14/24 16:00,3.372,0
6/14/24 17:00,2.621,0
6/14/24 18:00,1.897,0
6/14/24 19:00,1.988,0
6/14/24 20:00,1.676,0
6/14/24 21:00,1.862,0
6/14/24 22:00,1.561,0
6/14/24 23:00,2.07,0
6/15/24 0:00,2.408,0
6/15/24 1:00,3.327,0
6/15/24 2:00,3.85,0
6/15/24 3:00,4.795,0
6/15/24 4:00,4.395,0
6/15/24 5:00,4.965,0
6/15/24 6:00,5.349,0
6/15/24 7:00,5.761,0
6/15/24 8:00,6.299,0
6/15/24 9:00,6.924,0
6/15/24 10:00,7.026,0
6/15/24 11:00,7.714,0
6/15/24 12:00,8.58,0
6/15/24 13:00,8.66,0
6/15/24 14:00,8.86,0
6/15/24 15:00,8,0
6/15/24 16:00,7.529,0
6/15/24 17:00,7.087,0
6/15/24 18:00,7.236,0
6/15/24 19:00,7.254,0
6/15/24 20:00,8.07,0
6/15/24 21:00,8.32,0
6/15/24 22:00,7.944,0
6/15/24 23:00,7.737,0
6/16/24 0:00,7.618,0
6/16/24 1:00,7.597,0
6/16/24 2:00,7.598,0
6/16/24 3:00,7.143,0
6/16/24 4:00,7.228,0
6/16/24 5:00,7.251,0
6/16/24 6:00,7.776,0
6/16/24 7:00,7.021,0
6/16/24 8:00,7.869,0
6/16/24 9:00,7.133,0
6/16/24 10:00,6.193,0
6/16/24 11:00,6.39,0
6/16/24 12:00,6.208,0
6/16/24 13:00,6.39,0.762
6/16/24 14:00,7.168,0.508
6/16/24 15:00,6.652,0
6/16/24 16:00,9.04,0
6/16/24 17:00,8.15,0
6/16/24 18:00,7.919,0
6/16/24 19:00,7.826,0
6/16/24 20:00,7.207,0
6/16/24 21:00,8.45,0
6/16/24 22:00,7.54,0
6/16/24 23:00,6.954,0
6/17/24 0:00,5.855,0
6/17/24 1:00,5.892,0
6/17/24 2:00,6.34,0
6/17/24 3:00,7.408,0
6/17/24 4:00,8,0
6/17/24 5:00,6.384,0
6/17/24 6:00,5.699,0
6/17/24 7:00,5.635,0
6/17/24 8:00,5.396,0
6/17/24 9:00,5.113,0
6/17/24 10:00,5.472,0
6/17/24 11:00,5.944,0
6/17/24 12:00,5.314,0
6/17/24 13:00,6.226,0
6/17/24 14:00,5.978,0
6/17/24 15:00,5.507,0
6/17/24 16:00,5.703,0
6/17/24 17:00,6.534,0
6/17/24 18:00,4.929,0
6/17/24 19:00,5.254,0
6/17/24 20:00,5.256,0
6/17/24 21:00,4.785,0
6/17/24 22:00,4.685,0
6/17/24 23:00,4.448,0
6/18/24 0:00,4.74,0
6/18/24 1:00,4.875,0
6/18/24 2:00,5.597,0
6/18/24 3:00,5.445,0
6/18/24 4:00,5.059,0
6/18/24 5:00,5.133,0
6/18/24 6:00,5.049,0
6/18/24 7:00,4.981,0
6/18/24 8:00,5.235,0
6/18/24 9:00,5.279,0
6/18/24 10:00,5.103,0
6/18/24 11:00,5.569,0
6/18/24 12:00,5.416,0
6/18/24 13:00,5.567,0
6/18/24 14:00,6.204,0
6/18/24 15:00,6.11,0
6/18/24 16:00,5.794,0
6/18/24 17:00,5.256,0
6/18/24 18:00,4.635,0
6/18/24 19:00,4.96,0
6/18/24 20:00,5.786,0
6/18/24 21:00,4.196,0
6/18/24 22:00,4.223,0
6/18/24 23:00,4.005,0
6/19/24 0:00,3.049,0
6/19/24 1:00,2.625,0
6/19/24 2:00,2.621,0
6/19/24 3:00,3.671,0
6/19/24 4:00,4.574,0
6/19/24 5:00,5.576,0
6/19/24 6:00,5.373,0
6/19/24 7:00,5.53,0
6/19/24 8:00,4.988,0
6/19/24 9:00,3.962,0
6/19/24 10:00,3.764,0
6/19/24 11:00,3.529,0
6/19/24 12:00,3.634,0
6/19/24 13:00,4.758,0
6/19/24 14:00,4.064,0
6/19/24 15:00,3.734,0
6/19/24 16:00,3.69,0
6/19/24 17:00,3.122,0
6/19/24 18:00,2.871,0
6/19/24 19:00,2.815,0
6/19/24 20:00,3.232,0
6/19/24 21:00,3.922,0
6/19/24 22:00,3.945,0
6/19/24 23:00,4.48,0
6/20/24 0:00,4.371,0
6/20/24 1:00,5.245,0
6/20/24 2:00,4.307,0
6/20/24 3:00,4.447,0
6/20/24 4:00,4.37,0
6/20/24 5:00,4.461,0
6/20/24 6:00,4.836,0
6/20/24 7:00,5.034,0
6/20/24 8:00,4.619,0
6/20/24 9:00,6.614,0
6/20/24 10:00,6.21,0
6/20/24 11:00,5.898,0
6/20/24 12:00,5.89,0
6/20/24 13:00,5.1,0
6/20/24 14:00,4.946,0
6/20/24 15:00,3.685,0
6/20/24 16:00,3.43,0
6/20/24 17:00,3.395,0
6/20/24 18:00,2.949,0
6/20/24 19:00,2.842,0
6/20/24 20:00,2.584,0
6/20/24 21:00,3.1,0
6/20/24 22:00,2.582,0
6/20/24 23:00,2.651,0
6/21/24 0:00,3.039,0
6/21/24 1:00,3.446,0
6/21/24 2:00,2.846,0
6/21/24 3:00,2.554,0
6/21/24 4:00,2.712,0
6/21/24 5:00,3.047,0
6/21/24 6:00,3.286,0
6/21/24 7:00,2.893,0
6/21/24 8:00,3.099,0
6/21/24 9:00,3.091,0
6/21/24 10:00,3.276,0
6/21/24 11:00,3.587,0
6/21/24 12:00,3.887,0
6/21/24 13:00,4.879,0
6/21/24 14:00,4.44,0
6/21/24 15:00,3.68,0
6/21/24 16:00,3.916,0
6/21/24 17:00,4.183,0
6/21/24 18:00,4.603,0
6/21/24 19:00,4.88,0
6/21/24 20:00,4.856,0
6/21/24 21:00,4.267,0
6/21/24 22:00,4.261,0
6/21/24 23:00,4.329,0
6/22/24 0:00,4.708,0
6/22/24 1:00,4.064,0
6/22/24 2:00,3.7,0
6/22/24 3:00,3.273,0
6/22/24 4:00,4.83,0
6/22/24 5:00,5.894,0
6/22/24 6:00,6.456,0
6/22/24 7:00,6.092,0
6/22/24 8:00,7.597,0
6/22/24 9:00,7.301,0
6/22/24 10:00,5.781,0
6/22/24 11:00,4.59,0
6/22/24 12:00,5.645,0
6/22/24 13:00,6.314,0
6/22/24 14:00,6.974,0
6/22/24 15:00,6.828,0
6/22/24 16:00,7.829,0
6/22/24 17:00,6.786,0
6/22/24 18:00,7.017,0
6/22/24 19:00,8.19,0
6/22/24 20:00,8.33,0
6/22/24 21:00,8.42,0
6/22/24 22:00,8.4,0
6/22/24 23:00,8.47,0
6/23/24 0:00,9.07,0
6/23/24 1:00,9.52,0
6/23/24 2:00,9.89,0
6/23/24 3:00,9.94,0
6/23/24 4:00,10.01,0
6/23/24 5:00,10.73,0
6/23/24 6:00,10.83,0
6/23/24 7:00,9.31,0
6/23/24 8:00,8.98,0
6/23/24 9:00,9.16,0
6/23/24 10:00,9.54,0
6/23/24 11:00,9.84,0
6/23/24 12:00,8.63,0
6/23/24 13:00,6.983,0
6/23/24 14:00,6.157,0
6/23/24 15:00,6.232,0
6/23/24 16:00,7.033,0
6/23/24 17:00,8.21,0
6/23/24 18:00,6.966,0
6/23/24 19:00,5.855,0
6/23/24 20:00,5.822,0
6/23/24 21:00,6.109,0
6/23/24 22:00,5.216,0
6/23/24 23:00,5.82,0
6/24/24 0:00,6.554,0
6/24/24 1:00,6.594,0
6/24/24 2:00,6.579,0
6/24/24 3:00,7.176,0
6/24/24 4:00,6.328,0
6/24/24 5:00,6.1,0
6/24/24 6:00,6.125,0
6/24/24 7:00,6.057,0
6/24/24 8:00,6.231,0
6/24/24 9:00,6.445,0
6/24/24 10:00,6.751,0
6/24/24 11:00,7.912,0
6/24/24 12:00,7.253,0
6/24/24 13:00,7.413,0
6/24/24 14:00,6.425,0
6/24/24 15:00,6.43,0
6/24/24 16:00,6.143,0
6/24/24 17:00,6.242,0
6/24/24 18:00,5.911,0
6/24/24 19:00,6.693,0
6/24/24 20:00,5.005,0
6/24/24 21:00,4.669,0
6/24/24 22:00,4.956,0
6/24/24 23:00,4.869,0
6/25/24 0:00,5.662,0
6/25/24 1:00,4.564,0.254
6/25/24 2:00,4.958,0
6/25/24 3:00,5.497,0
6/25/24 4:00,4.759,0.254
6/25/24 5:00,4.654,0
6/25/24 6:00,5.278,0
6/25/24 7:00,5.211,0
6/25/24 8:00,5.488,0
6/25/24 9:00,5.519,0
6/25/24 10:00,5.884,0
6/25/24 11:00,5.644,0
6/25/24 12:00,5.633,0
6/25/24 13:00,5.952,0
6/25/24 14:00,5.746,0
6/25/24 15:00,5.161,0
6/25/24 16:00,5.297,0
6/25/24 17:00,4.785,0
6/25/24 18:00,4.496,0
6/25/24 19:00,4.956,0
6/25/24 20:00,4.591,0
6/25/24 21:00,3.959,0
6/25/24 22:00,4.344,0
6/25/24 23:00,3.964,0
6/26/24 0:00,4.095,0
6/26/24 1:00,4.188,0
6/26/24 2:00,4.08,0
6/26/24 3:00,3.931,0
6/26/24 4:00,3.767,0
6/26/24 5:00,3.9,0
6/26/24 6:00,4.563,0
6/26/24 7:00,5.038,0
6/26/24 8:00,4.562,0
6/26/24 9:00,4.657,0
6/26/24 10:00,4.652,0
6/26/24 11:00,5.589,0
6/26/24 12:00,6.142,0
6/26/24 13:00,6.167,0
6/26/24 14:00,5.755,0
6/26/24 15:00,4.687,0
6/26/24 16:00,4.732,0
6/26/24 17:00,4.849,0
6/26/24 18:00,4.749,0
6/26/24 19:00,4.331,0
6/26/24 20:00,4.473,0
6/26/24 21:00,5.428,0
6/26/24 22:00,5.055,0
6/26/24 23:00,4.027,0
6/27/24 0:00,4.438,0
6/27/24 1:00,4.461,0
6/27/24 2:00,5.089,0
6/27/24 3:00,4.666,0
6/27/24 4:00,4.546,0
6/27/24 5:00,4.846,0
6/27/24 6:00,4.699,0
6/27/24 7:00,4.765,0
6/27/24 8:00,4.329,0
6/27/24 9:00,5.237,0
6/27/24 10:00,4.959,0
6/27/24 11:00,5.577,0
6/27/24 12:00,6.299,0
6/27/24 13:00,6.045,0
6/27/24 14:00,6.001,0
6/27/24 15:00,5.822,0
6/27/24 16:00,6.144,0
6/27/24 17:00,4.656,0
6/27/24 18:00,4.269,0
6/27/24 19:00,4.283,0
6/27/24 20:00,4.449,0
6/27/24 21:00,4.126,0
6/27/24 22:00,3.947,0
6/27/24 23:00,4.031,0
6/28/24 0:00,4.334,0
6/28/24 1:00,4.168,0
6/28/24 2:00,4.096,0
6/28/24 3:00,4.216,0
6/28/24 4:00,4.535,0
6/28/24 5:00,5.759,0
6/28/24 6:00,6.016,0
6/28/24 7:00,6.426,0
6/28/24 8:00,7.047,0
6/28/24 9:00,5.748,0
6/28/24 10:00,5.045,0
6/28/24 11:00,5.812,0
6/28/24 12:00,6.243,0
6/28/24 13:00,5.458,0
6/28/24 14:00,4.602,0
6/28/24 15:00,4.456,0
6/28/24 16:00,3.571,0
6/28/24 17:00,3.852,0
6/28/24 18:00,3.274,0
6/28/24 19:00,3.078,0
6/28/24 20:00,4.03,0
6/28/24 21:00,3.903,0
6/28/24 22:00,3.324,0
6/28/24 23:00,3.288,0
6/29/24 0:00,3.074,0
6/29/24 1:00,3.075,0
6/29/24 2:00,3.782,0
6/29/24 3:00,4.831,0
6/29/24 4:00,4.279,0
6/29/24 5:00,4.955,0
6/29/24 6:00,4.456,0
6/29/24 7:00,6.064,0
6/29/24 8:00,5.896,0
6/29/24 9:00,6.36,0
6/29/24 10:00,5.333,0
6/29/24 11:00,5.4,0
6/29/24 12:00,5.576,0
6/29/24 13:00,5.382,0
6/29/24 14:00,5.928,0
6/29/24 15:00,6.261,0
6/29/24 16:00,4.993,0
6/29/24 17:00,4.987,0
6/29/24 18:00,4.674,0
6/29/24 19:00,4.349,0
6/29/24 20:00,3.897,0
6/29/24 21:00,3.702,0
6/29/24 22:00,3.838,0
6/29/24 23:00,4.148,0
6/30/24 0:00,4.581,0
6/30/24 1:00,4.664,0
6/30/24 2:00,5.459,0
6/30/24 3:00,6.127,0
6/30/24 4:00,6.342,0
6/30/24 5:00,6.223,0
6/30/24 6:00,5.963,0
6/30/24 7:00,5.412,0
6/30/24 8:00,5.376,0
6/30/24 9:00,5.538,0
6/30/24 10:00,5.731,0
6/30/24 11:00,5.795,0
6/30/24 12:00,6.127,0
6/30/24 13:00,5.972,0
6/30/24 14:00,6.202,0
6/30/24 15:00,5.924,0
6/30/24 16:00,5.656,0
6/30/24 17:00,5.835,0
6/30/24 18:00,5.683,0
6/30/24 19:00,5.481,0
6/30/24 20:00,5.292,0
6/30/24 21:00,5.137,0
6/30/24 22:00,4.746,0
6/30/24 23:00,4.585,0
7/1/24 0:00,4.288,0
7/1/24 1:00,4.372,0
7/1/24 2:00,4.341,0.254
7/1/24 3:00,4.316,0.508
7/1/24 4:00,4.573,1.016
7/1/24 5:00,5.096,0.508
7/1/24 6:00,5.616,1.016
7/1/24 7:00,5.9,1.524
7/1/24 8:00,6.002,1.524
7/1/24 9:00,6.325,0.762
7/1/24 10:00,6.041,0.508
7/1/24 11:00,5.575,0.508
7/1/24 12:00,4.344,0.254
7/1/24 13:00,3.95,0.254
7/1/24 14:00,4.084,0
7/1/24 15:00,3.663,0.508
7/1/24 16:00,4,0.254
7/1/24 17:00,3.591,0.254
7/1/24 18:00,3.558,0
7/1/24 19:00,3.77,0
7/1/24 20:00,4.046,0.762
7/1/24 21:00,3.935,0.508
7/1/24 22:00,4.027,1.016
7/1/24 23:00,4.127,1.27
7/2/24 0:00,4.028,1.27
7/2/24 1:00,4.111,1.27
7/2/24 2:00,4.084,1.27
7/2/24 3:00,4.105,0.762
7/2/24 4:00,3.976,0.508
7/2/24 5:00,3.619,0.508
7/2/24 6:00,3.086,0
7/2/24 7:00,3.135,0
7/2/24 8:00,3.652,0
7/2/24 9:00,3.488,0
7/2/24 10:00,3.175,0
7/2/24 11:00,2.752,0
7/2/24 12:00,2.706,0
7/2/24 13:00,2.842,0
7/2/24 14:00,2.612,0
7/2/24 15:00,2.64,0
7/2/24 16:00,2.513,0
7/2/24 17:00,2.543,0
7/2/24 18:00,1.908,0
7/2/24 19:00,1.665,0
7/2/24 20:00,2.181,0
7/2/24 21:00,2,0
7/2/24 22:00,2.382,0
7/2/24 23:00,2.627,0
7/3/24 0:00,2.534,0
7/3/24 1:00,2.474,0
7/3/24 2:00,3.832,0
7/3/24 3:00,3.5,0
7/3/24 4:00,3.68,0
7/3/24 5:00,3.63,0
7/3/24 6:00,3.772,0
7/3/24 7:00,3.613,0
7/3/24 8:00,3.813,0
7/3/24 9:00,3.943,0
7/3/24 10:00,5.129,0
7/3/24 11:00,5.01,0
7/3/24 12:00,5.938,0
7/3/24 13:00,5.096,0
7/3/24 14:00,3.968,0
7/3/24 15:00,4.488,0
7/3/24 16:00,3.668,0
7/3/24 17:00,3.45,0
7/3/24 18:00,2.944,0
7/3/24 19:00,2.312,0
7/3/24 20:00,3.612,0
7/3/24 21:00,4.952,0
7/3/24 22:00,4.207,0
7/3/24 23:00,3.47,0
7/4/24 0:00,4.321,0
7/4/24 1:00,4.511,0
7/4/24 2:00,4.515,0
7/4/24 3:00,5.304,0
7/4/24 4:00,4.675,0
7/4/24 5:00,5.571,0
7/4/24 6:00,4.027,0
7/4/24 7:00,5.968,0
7/4/24 8:00,6.177,0
7/4/24 9:00,6.167,0
7/4/24 10:00,4.887,0
7/4/24 11:00,5.005,0
7/4/24 12:00,6.405,0
7/4/24 13:00,5.16,0
7/4/24 14:00,6.036,0
7/4/24 15:00,5.172,0
7/4/24 16:00,4.958,0
7/4/24 17:00,4.89,0
7/4/24 18:00,4.884,0
7/4/24 19:00,5.386,0
7/4/24 20:00,5.605,0
7/4/24 21:00,4.471,0
7/4/24 22:00,4.039,0
7/4/24 23:00,5.333,0
7/5/24 0:00,4.744,0
7/5/24 1:00,4.488,0
7/5/24 2:00,4.899,0
7/5/24 3:00,4.731,0
7/5/24 4:00,6.577,0
7/5/24 5:00,7.525,0
7/5/24 6:00,5.629,0
7/5/24 7:00,5.345,0
7/5/24 8:00,5.116,0
7/5/24 9:00,5.477,0
7/5/24 10:00,4.984,0
7/5/24 11:00,7.374,0
7/5/24 12:00,8.06,0
7/5/24 13:00,8.1,0
7/5/24 14:00,7.893,0
7/5/24 15:00,6.97,0
7/5/24 16:00,6.163,0
7/5/24 17:00,5.513,0
7/5/24 18:00,4.831,0
7/5/24 19:00,5.413,0
7/5/24 20:00,6.041,0
7/5/24 21:00,6.019,0
7/5/24 22:00,5.822,0
7/5/24 23:00,5.911,0
7/6/24 0:00,6.082,0
7/6/24 1:00,6.298,0
7/6/24 2:00,6.453,0
7/6/24 3:00,4.784,0
7/6/24 4:00,4.345,0
7/6/24 5:00,4.271,0
7/6/24 6:00,4.701,0
7/6/24 7:00,4.712,0
7/6/24 8:00,4.53,0
7/6/24 9:00,4.512,0
7/6/24 10:00,4.284,0
7/6/24 11:00,4.421,0
7/6/24 12:00,4.375,0
7/6/24 13:00,4.341,0
7/6/24 14:00,4.684,0
7/6/24 15:00,4.555,0
7/6/24 16:00,5.403,0.254
7/6/24 17:00,5.463,0.508
7/6/24 18:00,6.396,0
7/6/24 19:00,6.206,0.254
7/6/24 20:00,6.046,0
7/6/24 21:00,5.037,0.508
7/6/24 22:00,5.398,0.508
7/6/24 23:00,4.512,0.762
7/7/24 0:00,4.559,0
7/7/24 1:00,5.206,0
7/7/24 2:00,5.377,0
7/7/24 3:00,4.284,0
7/7/24 4:00,4.929,0
7/7/24 5:00,6.105,0.254
7/7/24 6:00,6.378,0
7/7/24 7:00,6.052,0.508
7/7/24 8:00,5.529,0.254
7/7/24 9:00,5.738,0
7/7/24 10:00,5.774,0.254
7/7/24 11:00,5.423,0.254
7/7/24 12:00,4.897,0.508
7/7/24 13:00,4.25,0
7/7/24 14:00,4.127,0.254
7/7/24 15:00,4.708,0
7/7/24 16:00,3.799,0
7/7/24 17:00,4.701,0
7/7/24 18:00,4.062,0
7/7/24 19:00,4.354,0
7/7/24 20:00,4.236,0
7/7/24 21:00,4.461,0
7/7/24 22:00,4.487,0
7/7/24 23:00,4.237,0
7/8/24 0:00,5.096,0
7/8/24 1:00,5.322,0
7/8/24 2:00,4.968,0
7/8/24 3:00,4.629,0
7/8/24 4:00,4.612,0
7/8/24 5:00,4.276,0
7/8/24 6:00,4.665,0
7/8/24 7:00,4.837,0
7/8/24 8:00,4.428,0
7/8/24 9:00,4.774,0
7/8/24 10:00,4.62,0
7/8/24 11:00,4.689,0
7/8/24 12:00,5.179,0
7/8/24 13:00,4.524,0
7/8/24 14:00,3.986,0
7/8/24 15:00,4.176,0
7/8/24 16:00,4.064,0
7/8/24 17:00,4.223,0
7/8/24 18:00,4.654,0
7/8/24 19:00,4.787,0
7/8/24 20:00,3.485,0
7/8/24 21:00,3.279,0
7/8/24 22:00,3.945,0
7/8/24 23:00,3.47,0
7/9/24 0:00,3.626,0
7/9/24 1:00,4.081,0
7/9/24 2:00,4.126,0
7/9/24 3:00,4.628,0
7/9/24 4:00,5.162,0
7/9/24 5:00,4.061,0
7/9/24 6:00,5.178,0
7/9/24 7:00,4.451,0
7/9/24 8:00,4.635,0
7/9/24 9:00,5.016,0
7/9/24 10:00,4.802,0
7/9/24 11:00,4.64,0
7/9/24 12:00,4.689,0
7/9/24 13:00,4.814,0
7/9/24 14:00,5.641,0
7/9/24 15:00,5.202,0
7/9/24 16:00,4.492,0
7/9/24 17:00,4.78,0
7/9/24 18:00,4.961,0
7/9/24 19:00,6.167,0
7/9/24 20:00,4.666,0
7/9/24 21:00,3.545,0
7/9/24 22:00,4.098,0
7/9/24 23:00,4.094,0
7/10/24 0:00,3.693,0
7/10/24 1:00,3.809,0
7/10/24 2:00,4.068,0
7/10/24 3:00,4.681,0
7/10/24 4:00,4.41,0
7/10/24 5:00,4.186,0
7/10/24 6:00,4.236,0
7/10/24 7:00,4.639,0
7/10/24 8:00,4.306,0
7/10/24 9:00,4.697,0
7/10/24 10:00,5.245,0
7/10/24 11:00,5.545,0.508
7/10/24 12:00,5.638,0.254
7/10/24 13:00,5.358,0.254
7/10/24 14:00,4.527,0.254
7/10/24 15:00,4.191,0
7/10/24 16:00,4.183,0.254
7/10/24 17:00,3.552,0
7/10/24 18:00,3.712,0.508
7/10/24 19:00,3.68,0.508
7/10/24 20:00,3.109,0.254
7/10/24 21:00,3.307,0
7/10/24 22:00,3.202,0
7/10/24 23:00,3.856,0
7/11/24 0:00,3.543,0.254
7/11/24 1:00,3.521,0.254
7/11/24 2:00,3.591,0.254
7/11/24 3:00,3.392,0.254
7/11/24 4:00,3.605,0.254
7/11/24 5:00,3.984,0.508
7/11/24 6:00,3.908,0
7/11/24 7:00,3.892,0.508
7/11/24 8:00,3.555,0
7/11/24 9:00,3.48,0
7/11/24 10:00,3.512,0
7/11/24 11:00,3.469,0.254
7/11/24 12:00,3.755,0
7/11/24 13:00,3.924,0
7/11/24 14:00,3.826,0
7/11/24 15:00,4.073,0
7/11/24 16:00,4.195,0.762
7/11/24 17:00,4.651,1.016
7/11/24 18:00,4.065,0.508
7/11/24 19:00,3.261,0.254
7/11/24 20:00,3.453,0.508
7/11/24 21:00,3.267,0.254
7/11/24 22:00,3.366,0.508
7/11/24 23:00,3.586,0.508
7/12/24 0:00,3.782,1.524
7/12/24 1:00,4.071,2.286
7/12/24 2:00,4.084,2.032
7/12/24 3:00,3.978,1.27
7/12/24 4:00,3.729,0.254
7/12/24 5:00,4.444,0.254
7/12/24 6:00,4.115,0
7/12/24 7:00,3.98,0
7/12/24 8:00,4.094,0
7/12/24 9:00,4.311,0
7/12/24 10:00,3.865,0
7/12/24 11:00,3.663,0
7/12/24 12:00,4.235,0
7/12/24 13:00,4.23,0
7/12/24 14:00,4.195,0
7/12/24 15:00,4.119,0
7/12/24 16:00,4.103,0
7/12/24 17:00,3.965,0
7/12/24 18:00,3.899,0
7/12/24 19:00,3.767,0
7/12/24 20:00,3.717,0
7/12/24 21:00,3.851,0
7/12/24 22:00,4.135,0.254
7/12/24 23:00,4.096,0.254
7/13/24 0:00,4.314,0.508
7/13/24 1:00,4.184,0
7/13/24 2:00,4.239,0.254
7/13/24 3:00,4.006,0.254
7/13/24 4:00,3.631,1.016
7/13/24 5:00,3.635,1.27
7/13/24 6:00,3.409,1.524
7/13/24 7:00,3.184,1.778
7/13/24 8:00,3.581,2.54
7/13/24 9:00,3.291,2.794
7/13/24 10:00,3.172,4.064
7/13/24 11:00,2.995,1.016
7/13/24 12:00,2.858,2.54
7/13/24 13:00,2.87,2.286
7/13/24 14:00,2.746,1.524
7/13/24 15:00,2.713,2.54
7/13/24 16:00,2.67,3.048
7/13/24 17:00,2.863,1.778
7/13/24 18:00,3.097,1.524
7/13/24 19:00,3.223,1.27
7/13/24 20:00,3.346,0.762
7/13/24 21:00,3.402,1.016
7/13/24 22:00,3.491,0.762
7/13/24 23:00,3.801,1.016
7/14/24 0:00,3.899,1.778
7/14/24 1:00,3.856,3.302
7/14/24 2:00,3.96,1.778
7/14/24 3:00,4.141,2.286
7/14/24 4:00,4.09,0.762
7/14/24 5:00,4.346,0.254
7/14/24 6:00,4.123,0.254
7/14/24 7:00,4.054,0.508
7/14/24 8:00,3.923,0.254
7/14/24 9:00,4.354,0.508
7/14/24 10:00,4.492,0.762
7/14/24 11:00,4.681,0.762
7/14/24 12:00,4.861,3.302
7/14/24 13:00,4.652,0.762
7/14/24 14:00,4.354,0.254
7/14/24 15:00,4.57,0
7/14/24 16:00,4.347,0
7/14/24 17:00,3.811,0
7/14/24 18:00,4.082,0
7/14/24 19:00,4.364,0
7/14/24 20:00,3.789,0
7/14/24 21:00,4.114,0
7/14/24 22:00,2.843,0
7/14/24 23:00,2.824,0
7/15/24 0:00,1.855,0
7/15/24 1:00,1.037,0
7/15/24 2:00,2.045,0
7/15/24 3:00,2.772,0
7/15/24 4:00,3.796,0
7/15/24 5:00,3.788,0
7/15/24 6:00,3.594,0
7/15/24 7:00,3.735,0
7/15/24 8:00,4.339,0
7/15/24 9:00,3.683,0
7/15/24 10:00,3.513,0
7/15/24 11:00,3.093,0
7/15/24 12:00,2.828,0
7/15/24 13:00,2.946,0
7/15/24 14:00,2.769,0
7/15/24 15:00,2.216,0
7/15/24 16:00,2.537,0
7/15/24 17:00,2.433,0
7/15/24 18:00,2.919,0
7/15/24 19:00,2.77,0
7/15/24 20:00,3.033,0
7/15/24 21:00,2.914,0
7/15/24 22:00,2.833,0
7/15/24 23:00,2.644,0
7/16/24 0:00,2.556,0
7/16/24 1:00,2.571,0
7/16/24 2:00,2.725,0
7/16/24 3:00,2.729,0
7/16/24 4:00,2.891,0
7/16/24 5:00,3.095,0
7/16/24 6:00,3.263,0
7/16/24 7:00,3.226,0
7/16/24 8:00,4.012,0
7/16/24 9:00,4.201,0
7/16/24 10:00,4.189,0
7/16/24 11:00,3.79,0
7/16/24 12:00,3.035,0
7/16/24 13:00,3.317,0.254
7/16/24 14:00,3.253,0.254
7/16/24 15:00,3.285,0.254
7/16/24 16:00,3.054,0.254
7/16/24 17:00,3.4,0
7/16/24 18:00,3.184,0.254
7/16/24 19:00,3.257,0
7/16/24 20:00,3.074,0.254
7/16/24 21:00,3.304,0
7/16/24 22:00,2.907,0
7/16/24 23:00,2.916,0
7/17/24 0:00,3.073,0
7/17/24 1:00,2.768,0
7/17/24 2:00,2.586,0.254
7/17/24 3:00,2.609,0
7/17/24 4:00,2.739,0
7/17/24 5:00,2.98,0
7/17/24 6:00,3.114,0
7/17/24 7:00,3.661,0
7/17/24 8:00,3.172,0
7/17/24 9:00,3.477,0
7/17/24 10:00,3.787,0
7/17/24 11:00,3.435,0
7/17/24 12:00,3.256,0
7/17/24 13:00,3.2,0
7/17/24 14:00,2.99,0
7/17/24 15:00,3.061,0
7/17/24 16:00,3.005,0
7/17/24 17:00,2.944,0
7/17/24 18:00,3.068,0
7/17/24 19:00,3.449,0
7/17/24 20:00,3.341,0
7/17/24 21:00,2.844,0
7/17/24 22:00,2.745,0
7/17/24 23:00,3.034,0
7/18/24 0:00,2.992,0
7/18/24 1:00,2.842,0
7/18/24 2:00,2.938,0
7/18/24 3:00,3.372,0
7/18/24 4:00,3.418,0
7/18/24 5:00,3.03,0
7/18/24 6:00,3.352,0
7/18/24 7:00,3.773,0
7/18/24 8:00,3.55,0
7/18/24 9:00,3.349,0
7/18/24 10:00,2.946,0
7/18/24 11:00,3.279,0
7/18/24 12:00,3.119,0
7/18/24 13:00,2.908,0
7/18/24 14:00,3.038,0
7/18/24 15:00,2.886,0
7/18/24 16:00,3.089,0
7/18/24 17:00,2.739,0
7/18/24 18:00,2.41,0
7/18/24 19:00,2.657,0.254
7/18/24 20:00,3.066,0
7/18/24 21:00,3.089,0
7/18/24 22:00,3.014,0
7/18/24 23:00,2.693,0
7/19/24 0:00,2.389,0
7/19/24 1:00,2.518,0
7/19/24 2:00,2.759,0
7/19/24 3:00,2.615,0
7/19/24 4:00,2.78,0
7/19/24 5:00,2.946,0
7/19/24 6:00,3.241,0
7/19/24 7:00,3.377,0
7/19/24 8:00,3.587,0
7/19/24 9:00,3.007,0
7/19/24 10:00,2.736,0
7/19/24 11:00,2.846,0
7/19/24 12:00,2.771,0
7/19/24 13:00,3.012,0
7/19/24 14:00,3.23,0
7/19/24 15:00,3.434,0
7/19/24 16:00,3.334,0
7/19/24 17:00,2.746,0
7/19/24 18:00,2.863,0
7/19/24 19:00,2.485,0
7/19/24 20:00,2.393,0
7/19/24 21:00,2.717,0
7/19/24 22:00,2.56,0
7/19/24 23:00,2.82,0
7/20/24 0:00,2.969,0.254
7/20/24 1:00,2.797,0.254
7/20/24 2:00,2.837,0.254
7/20/24 3:00,2.722,0
7/20/24 4:00,2.853,0
7/20/24 5:00,3.313,0
7/20/24 6:00,3.959,0
7/20/24 7:00,4.229,0
7/20/24 8:00,4.352,0
7/20/24 9:00,4.345,0
7/20/24 10:00,5.042,0
7/20/24 11:00,6.511,0
7/20/24 12:00,7.113,0
7/20/24 13:00,6.588,0
7/20/24 14:00,7.046,0
7/20/24 15:00,7.289,0
7/20/24 16:00,7.256,0
7/20/24 17:00,7.546,0
7/20/24 18:00,6.919,0
7/20/24 19:00,6.62,0
7/20/24 20:00,7.398,0
7/20/24 21:00,8.41,0
7/20/24 22:00,8.62,0
7/20/24 23:00,8.74,0
7/21/24 0:00,8.56,0
7/21/24 1:00,9.2,0
7/21/24 2:00,8.3,0
7/21/24 3:00,7.588,0
7/21/24 4:00,9.77,0
7/21/24 5:00,8.81,0
7/21/24 6:00,9.68,0
7/21/24 7:00,7.939,0
7/21/24 8:00,9.62,0
7/21/24 9:00,10.34,0
7/21/24 10:00,8.99,0.508
7/21/24 11:00,7.772,0.254
7/21/24 12:00,8.34,0
7/21/24 13:00,8.12,0
7/21/24 14:00,8.7,0
7/21/24 15:00,9.84,0
7/21/24 16:00,7.328,0
7/21/24 17:00,8.43,0
7/21/24 18:00,8.24,0
7/21/24 19:00,6.992,0
7/21/24 20:00,8.05,0
7/21/24 21:00,8.14,0
7/21/24 22:00,6.548,0
7/21/24 23:00,8.08,0
7/22/24 0:00,8.97,0
7/22/24 1:00,9.4,0
7/22/24 2:00,9.96,0
7/22/24 3:00,7.339,0
7/22/24 4:00,7.696,0
7/22/24 5:00,7.83,0
7/22/24 6:00,8.69,0
7/22/24 7:00,8.9,0
7/22/24 8:00,9.14,0
7/22/24 9:00,8.61,0
7/22/24 10:00,8.54,0
7/22/24 11:00,7.234,0
7/22/24 12:00,8.26,0
7/22/24 13:00,7.713,0
7/22/24 14:00,9.3,0
7/22/24 15:00,7.49,0
7/22/24 16:00,9.54,0
7/22/24 17:00,10.42,0
7/22/24 18:00,10.99,0
7/22/24 19:00,8.65,0
7/22/24 20:00,8.11,0
7/22/24 21:00,7.396,0
7/22/24 22:00,6.557,0
7/22/24 23:00,6.31,0
7/23/24 0:00,7.276,0
7/23/24 1:00,7.272,0
7/23/24 2:00,5.709,0
7/23/24 3:00,5.841,0
7/23/24 4:00,6.206,0
7/23/24 5:00,6.027,0
7/23/24 6:00,6.43,0
7/23/24 7:00,6.021,0.508
7/23/24 8:00,5.864,1.524
7/23/24 9:00,4.703,0.762
7/23/24 10:00,5.324,1.27
7/23/24 11:00,5.175,1.27
7/23/24 12:00,4.822,1.016
7/23/24 13:00,4.998,0.508
7/23/24 14:00,5.105,0.254
7/23/24 15:00,4.833,0.508
7/23/24 16:00,4.607,0.508
7/23/24 17:00,5.015,0
7/23/24 18:00,4.955,0
7/23/24 19:00,4.395,0
7/23/24 20:00,4.68,0
7/23/24 21:00,4.844,0
7/23/24 22:00,5.025,0
7/23/24 23:00,4.785,0
7/24/24 0:00,6.043,0
7/24/24 1:00,5.862,0
7/24/24 2:00,5.361,0
7/24/24 3:00,6.009,0
7/24/24 4:00,6.514,0
7/24/24 5:00,6.214,0
7/24/24 6:00,5.622,0
7/24/24 7:00,7.707,0
7/24/24 8:00,7.492,0
7/24/24 9:00,7.142,0
7/24/24 10:00,6.023,0
7/24/24 11:00,6.687,0
7/24/24 12:00,6.709,0
7/24/24 13:00,7.641,0
7/24/24 14:00,8.62,0
7/24/24 15:00,7.219,0
7/24/24 16:00,7.48,0
7/24/24 17:00,9.66,0
7/24/24 18:00,10.28,0
7/24/24 19:00,9.39,0
7/24/24 20:00,10.36,0
7/24/24 21:00,9.45,0
7/24/24 22:00,8.23,0
7/24/24 23:00,8.99,0
7/25/24 0:00,8.61,0
7/25/24 1:00,8.47,0
7/25/24 2:00,8.82,0
7/25/24 3:00,9.09,0
7/25/24 4:00,7.839,0
7/25/24 5:00,7.113,0
7/25/24 6:00,7.194,0
7/25/24 7:00,7.216,0
7/25/24 8:00,7.253,0
7/25/24 9:00,6.809,0
7/25/24 10:00,7.338,0
7/25/24 11:00,6.531,0
7/25/24 12:00,6.236,0
7/25/24 13:00,6.511,0
7/25/24 14:00,6.48,0
7/25/24 15:00,6.722,0
7/25/24 16:00,6.917,0
7/25/24 17:00,6.177,0
7/25/24 18:00,6.503,0
7/25/24 19:00,6.566,0
7/25/24 20:00,5.975,0
7/25/24 21:00,5.88,0
7/25/24 22:00,5.774,0
7/25/24 23:00,5.93,0
7/26/24 0:00,6.14,0
7/26/24 1:00,5.691,0
7/26/24 2:00,6.066,0
7/26/24 3:00,6.698,0
7/26/24 4:00,6.805,0
7/26/24 5:00,6.731,0
7/26/24 6:00,6.493,0
7/26/24 7:00,7.42,0
7/26/24 8:00,7.745,0
7/26/24 9:00,8.89,0
7/26/24 10:00,9.35,0
7/26/24 11:00,8.51,0
7/26/24 12:00,8.66,0
7/26/24 13:00,7.969,0
7/26/24 14:00,7.994,0
7/26/24 15:00,6.297,0
7/26/24 16:00,6.111,0
7/26/24 17:00,6.075,0
7/26/24 18:00,5.577,0.254
7/26/24 19:00,5.267,0.254
7/26/24 20:00,5.27,0
7/26/24 21:00,5.387,0.254
7/26/24 22:00,5.309,0
7/26/24 23:00,5.219,0
7/27/24 0:00,5.34,0
7/27/24 1:00,5.625,0.762
7/27/24 2:00,5.323,0.762
7/27/24 3:00,4.818,0
7/27/24 4:00,4.431,0
7/27/24 5:00,3.908,0
7/27/24 6:00,6.559,0
7/27/24 7:00,7.04,0
7/27/24 8:00,7.501,0
7/27/24 9:00,7.429,0
7/27/24 10:00,7.242,0
7/27/24 11:00,6.436,0
7/27/24 12:00,5.836,0
7/27/24 13:00,5.817,0
7/27/24 14:00,5.639,0
7/27/24 15:00,5.332,0
7/27/24 16:00,4.979,0
7/27/24 17:00,4.604,0
7/27/24 18:00,4.479,0
7/27/24 19:00,4.424,0
7/27/24 20:00,4.463,0
7/27/24 21:00,4.369,0
7/27/24 22:00,4.012,0
7/27/24 23:00,3.504,0
7/28/24 0:00,3.097,0
7/28/24 1:00,2.838,0
7/28/24 2:00,2.828,0
7/28/24 3:00,3.126,0
7/28/24 4:00,3.478,0
7/28/24 5:00,3.073,0
7/28/24 6:00,3.532,0
7/28/24 7:00,4.152,0
7/28/24 8:00,4.245,0
7/28/24 9:00,4.855,0
7/28/24 10:00,4.723,0
7/28/24 11:00,5.409,0
7/28/24 12:00,5.309,0
7/28/24 13:00,4.671,0
7/28/24 14:00,4.82,0
7/28/24 15:00,4.94,0
7/28/24 16:00,4.79,0
7/28/24 17:00,3.932,0
7/28/24 18:00,4.567,0
7/28/24 19:00,4.38,0
7/28/24 20:00,4.436,0
7/28/24 21:00,4.546,0
7/28/24 22:00,4.805,0
7/28/24 23:00,4.947,0
7/29/24 0:00,5.144,0
7/29/24 1:00,4.887,0
7/29/24 2:00,4.859,0
7/29/24 3:00,4.047,0
7/29/24 4:00,3.762,0
7/29/24 5:00,3.603,0
7/29/24 6:00,3.699,0
7/29/24 7:00,4.054,0.508
7/29/24 8:00,3.728,0.254
7/29/24 9:00,3.727,0.254
7/29/24 10:00,3.959,0.254
7/29/24 11:00,3.932,0
7/29/24 12:00,3.94,0.762
7/29/24 13:00,4.041,0.508
7/29/24 14:00,4.143,0.254
7/29/24 15:00,4.086,0
7/29/24 16:00,4.262,0
7/29/24 17:00,4.449,0
7/29/24 18:00,5.154,0
7/29/24 19:00,5.11,0
7/29/24 20:00,5.175,0
7/29/24 21:00,5.307,0
7/29/24 22:00,5.671,0
7/29/24 23:00,5.423,0
7/30/24 0:00,4.458,0
7/30/24 1:00,4.179,0
7/30/24 2:00,3.567,0.254
7/30/24 3:00,3.434,0.508
7/30/24 4:00,4.688,0.508
7/30/24 5:00,3.398,0.254
7/30/24 6:00,3.791,0
7/30/24 7:00,4.451,0
7/30/24 8:00,4.754,0
7/30/24 9:00,4.596,0
7/30/24 10:00,4.676,0
7/30/24 11:00,4.85,0
7/30/24 12:00,4.618,0
7/30/24 13:00,4.549,0
7/30/24 14:00,4.557,0
7/30/24 15:00,4.426,0
7/30/24 16:00,4.372,0
7/30/24 17:00,4.035,0
7/30/24 18:00,3.57,0
7/30/24 19:00,3.35,0
7/30/24 20:00,2.938,0
7/30/24 21:00,2.505,0.254
7/30/24 22:00,1.964,0.254
7/30/24 23:00,2.082,0.254
7/31/24 0:00,1.895,0
7/31/24 1:00,2.41,0
7/31/24 2:00,2.48,0
7/31/24 3:00,2.439,0
7/31/24 4:00,2.462,0
7/31/24 5:00,2.64,0
7/31/24 6:00,2.84,0
7/31/24 7:00,3.228,0
7/31/24 8:00,3.304,0
7/31/24 9:00,3.235,0.254
7/31/24 10:00,3.766,0
7/31/24 11:00,4.156,0
7/31/24 12:00,4.173,0
7/31/24 13:00,4.815,0
7/31/24 14:00,5.314,0
7/31/24 15:00,5.404,0
7/31/24 16:00,4.879,0
7/31/24 17:00,5.489,0
7/31/24 18:00,4.996,0
7/31/24 19:00,5.094,0
7/31/24 20:00,4.86,0
7/31/24 21:00,4.42,0
7/31/24 22:00,4.348,0
7/31/24 23:00,4.42,0
8/1/24 0:00,4.771,0
8/1/24 1:00,5.283,0
8/1/24 2:00,5.585,0
8/1/24 3:00,5.852,0
8/1/24 4:00,5.693,0
8/1/24 5:00,5.481,0
8/1/24 6:00,5.762,0
8/1/24 7:00,7.052,0
8/1/24 8:00,8.48,0
8/1/24 9:00,8.4,0
8/1/24 10:00,8.5,0
8/1/24 11:00,8.12,0
8/1/24 12:00,6.474,0
8/1/24 13:00,6.41,0
8/1/24 14:00,6.731,0
8/1/24 15:00,6.369,0
8/1/24 16:00,6.042,0
8/1/24 17:00,4.569,0
8/1/24 18:00,5.619,0
8/1/24 19:00,6.092,0
8/1/24 20:00,5.555,0
8/1/24 21:00,5.179,0
8/1/24 22:00,5.352,0
8/1/24 23:00,6.01,0
8/2/24 0:00,4.894,0
8/2/24 1:00,5.541,0
8/2/24 2:00,5.722,0
8/2/24 3:00,5.343,0
8/2/24 4:00,4.561,0
8/2/24 5:00,4.829,0
8/2/24 6:00,4.756,0
8/2/24 7:00,5.219,0
8/2/24 8:00,4.769,0
8/2/24 9:00,4.965,0
8/2/24 10:00,5.057,0
8/2/24 11:00,5.118,0
8/2/24 12:00,5.185,0
8/2/24 13:00,4.882,0
8/2/24 14:00,4.556,0
8/2/24 15:00,4.207,0
8/2/24 16:00,4.349,0
8/2/24 17:00,4.47,0
8/2/24 18:00,4.808,0
8/2/24 19:00,4.605,0
8/2/24 20:00,4.36,0
8/2/24 21:00,4.181,0
8/2/24 22:00,3.742,0
8/2/24 23:00,3.976,0
8/3/24 0:00,3.75,0
8/3/24 1:00,4.162,0
8/3/24 2:00,4.412,0
8/3/24 3:00,4.102,0
8/3/24 4:00,4.502,0
8/3/24 5:00,4.794,0
8/3/24 6:00,4.308,0
8/3/24 7:00,4.888,0
8/3/24 8:00,5.44,0
8/3/24 9:00,5.362,0
8/3/24 10:00,5.216,0
8/3/24 11:00,4.948,0
8/3/24 12:00,4.863,0
8/3/24 13:00,5.412,0
8/3/24 14:00,5.719,0
8/3/24 15:00,6.148,0
8/3/24 16:00,5.402,0
8/3/24 17:00,5.84,0
8/3/24 18:00,5.737,0
8/3/24 19:00,5.451,0
8/3/24 20:00,5.876,0
8/3/24 21:00,5.515,0
8/3/24 22:00,5.49,0
8/3/24 23:00,5.543,0
8/4/24 0:00,5.064,0
8/4/24 1:00,5.237,0
8/4/24 2:00,5.344,0
8/4/24 3:00,5.86,0
8/4/24 4:00,6.497,0
8/4/24 5:00,5.963,0
8/4/24 6:00,6.144,0
8/4/24 7:00,5.63,0
8/4/24 8:00,6.786,0
8/4/24 9:00,7.704,0
8/4/24 10:00,7.509,0
8/4/24 11:00,7.396,0
8/4/24 12:00,7.099,0
8/4/24 13:00,6.362,0
8/4/24 14:00,6.784,0
8/4/24 15:00,6.835,0
8/4/24 16:00,6.772,0
8/4/24 17:00,7.017,0
8/4/24 18:00,7.267,0
8/4/24 19:00,7.803,0
8/4/24 20:00,8.01,0
8/4/24 21:00,8.13,0
8/4/24 22:00,7.999,0
8/4/24 23:00,7.877,0
8/5/24 0:00,8.84,0
8/5/24 1:00,9.12,0
8/5/24 2:00,8.45,0
8/5/24 3:00,8.8,0
8/5/24 4:00,8.94,0
8/5/24 5:00,8.7,0
8/5/24 6:00,7.878,0
8/5/24 7:00,8.27,0
8/5/24 8:00,7.516,0
8/5/24 9:00,7.512,0
8/5/24 10:00,7.79,0
8/5/24 11:00,7.272,0
8/5/24 12:00,7.551,0
8/5/24 13:00,7.93,0
8/5/24 14:00,7.532,0
8/5/24 15:00,7.011,0
8/5/24 16:00,6.565,0
8/5/24 17:00,6.795,0
8/5/24 18:00,6.544,0
8/5/24 19:00,6.639,0
8/5/24 20:00,7.13,0
8/5/24 21:00,7.454,0
8/5/24 22:00,7.425,0
8/5/24 23:00,7.01,0
8/6/24 0:00,7.066,0
8/6/24 1:00,6.86,0
8/6/24 2:00,6.796,0
8/6/24 3:00,6.885,0
8/6/24 4:00,6.584,0
8/6/24 5:00,6.036,0
8/6/24 6:00,5.066,0
8/6/24 7:00,4.654,0.762
8/6/24 8:00,4.465,2.54
8/6/24 9:00,4.938,2.794
8/6/24 10:00,4.795,3.302
8/6/24 11:00,4.896,0.508
8/6/24 12:00,4.935,0.508
8/6/24 13:00,4.839,0.254
8/6/24 14:00,4.891,0.508
8/6/24 15:00,5.545,2.032
8/6/24 16:00,6.068,2.794
8/6/24 17:00,6.138,3.048
8/6/24 18:00,6.158,4.318
8/6/24 19:00,6.252,7.112
8/6/24 20:00,6.647,5.08
8/6/24 21:00,6.97,4.064
8/6/24 22:00,7.299,4.318
8/6/24 23:00,7.666,4.826
8/7/24 0:00,7.709,5.08
8/7/24 1:00,7.39,4.826
8/7/24 2:00,7.387,7.366
8/7/24 3:00,7.808,3.81
8/7/24 4:00,8.25,4.318
8/7/24 5:00,8.53,4.826
8/7/24 6:00,7.935,5.588
8/7/24 7:00,7.179,6.096
8/7/24 8:00,6.401,6.858
8/7/24 9:00,5.75,11.94
8/7/24 10:00,5.522,9.91
8/7/24 11:00,5.825,9.91
8/7/24 12:00,5.979,5.08
8/7/24 13:00,5.696,8.38
8/7/24 14:00,5.158,8.13
8/7/24 15:00,5.87,8.64
8/7/24 16:00,6.251,10.16
8/7/24 17:00,6.607,6.858
8/7/24 18:00,7.209,8.64
8/7/24 19:00,7.585,9.65
8/7/24 20:00,7.583,6.858
8/7/24 21:00,7.146,5.334
8/7/24 22:00,7.031,4.318
8/7/24 23:00,6.547,10.41
8/8/24 0:00,6.573,6.604
8/8/24 1:00,6.708,2.54
8/8/24 2:00,6.524,1.778
8/8/24 3:00,6.335,1.016
8/8/24 4:00,5.661,1.524
8/8/24 5:00,5.797,1.27
8/8/24 6:00,5.759,1.016
8/8/24 7:00,5.879,1.27
8/8/24 8:00,6.141,0.762
8/8/24 9:00,6.221,0.508
8/8/24 10:00,6.248,0
8/8/24 11:00,5.891,0.254
8/8/24 12:00,5.882,0.508
8/8/24 13:00,5.821,0
8/8/24 14:00,5.76,0
8/8/24 15:00,5.833,0
8/8/24 16:00,5.91,0
8/8/24 17:00,5.855,0
8/8/24 18:00,5.989,0
8/8/24 19:00,5.607,0.254
8/8/24 20:00,5.573,0.254
8/8/24 21:00,5.748,0
8/8/24 22:00,5.007,0.762
8/8/24 23:00,5.074,0
8/9/24 0:00,4.956,0
8/9/24 1:00,5.063,0.508
8/9/24 2:00,4.191,0.254
8/9/24 3:00,4.313,0
8/9/24 4:00,4.444,0
8/9/24 5:00,4.485,0
8/9/24 6:00,4.779,0
8/9/24 7:00,5.138,0
8/9/24 8:00,4.933,0
8/9/24 9:00,5.049,0
8/9/24 10:00,5.658,0
8/9/24 11:00,5.141,0
8/9/24 12:00,5.826,0
8/9/24 13:00,5.279,0
8/9/24 14:00,3.825,0
8/9/24 15:00,2.864,0
8/9/24 16:00,3.358,0
8/9/24 17:00,3.422,0
8/9/24 18:00,2.724,0
8/9/24 19:00,2.997,0
8/9/24 20:00,3.548,0.254
8/9/24 21:00,4.148,0
8/9/24 22:00,3.474,0.254
8/9/24 23:00,3.145,0
8/10/24 0:00,3.421,0
8/10/24 1:00,2.753,0
8/10/24 2:00,2.538,0
8/10/24 3:00,2.413,0
8/10/24 4:00,1.99,0
8/10/24 5:00,2.751,0
8/10/24 6:00,3.091,0
8/10/24 7:00,3.297,0
8/10/24 8:00,2.589,0
8/10/24 9:00,2.555,0
8/10/24 10:00,2.482,0
8/10/24 11:00,2.653,0
8/10/24 12:00,2.157,0
8/10/24 13:00,2.563,0
8/10/24 14:00,2.709,0
8/10/24 15:00,2.639,0
8/10/24 16:00,2.591,0
8/10/24 17:00,2.896,0
8/10/24 18:00,2.503,0
8/10/24 19:00,1.859,0
8/10/24 20:00,2.322,0
8/10/24 21:00,2.087,0
8/10/24 22:00,2.459,0
8/10/24 23:00,3.185,0
8/11/24 0:00,3.095,0
8/11/24 1:00,2.616,0
8/11/24 2:00,3.43,0
8/11/24 3:00,3.493,0
8/11/24 4:00,3.368,1.27
8/11/24 5:00,3.029,2.286
8/11/24 6:00,3.046,2.286
8/11/24 7:00,2.823,2.032
8/11/24 8:00,2.711,1.016
8/11/24 9:00,2.654,1.524
8/11/24 10:00,2.375,3.556
8/11/24 11:00,2.867,3.048
8/11/24 12:00,3.25,1.016
8/11/24 13:00,2.441,2.286
8/11/24 14:00,2.356,4.318
8/11/24 15:00,2.909,4.318
8/11/24 16:00,3.988,3.302
8/11/24 17:00,4.825,1.524
8/11/24 18:00,5.478,1.27
8/11/24 19:00,5.49,0.508
8/11/24 20:00,5.567,0
8/11/24 21:00,5.769,0
8/11/24 22:00,5.089,0
8/11/24 23:00,4.585,0
8/12/24 0:00,4.981,0
8/12/24 1:00,5.375,0
8/12/24 2:00,4.368,0
8/12/24 3:00,5.026,0
8/12/24 4:00,4.999,0.254
8/12/24 5:00,6.117,0.508
8/12/24 6:00,4.86,2.032
8/12/24 7:00,4.039,1.778
8/12/24 8:00,4.165,0.254
8/12/24 9:00,4.34,0
8/12/24 10:00,3.807,0
8/12/24 11:00,3.491,0
8/12/24 12:00,3.52,0
8/12/24 13:00,3.449,0
8/12/24 14:00,3.838,0
8/12/24 15:00,4.395,0
8/12/24 16:00,4.684,0
8/12/24 17:00,4.934,0
8/12/24 18:00,5.005,0
8/12/24 19:00,4.617,0
8/12/24 20:00,4.29,0
8/12/24 21:00,3.972,0.254
8/12/24 22:00,3.142,0
8/12/24 23:00,2.538,0
8/13/24 0:00,2.778,0
8/13/24 1:00,2.863,0.254
8/13/24 2:00,3.144,0
8/13/24 3:00,3.494,0
8/13/24 4:00,3.184,0
8/13/24 5:00,3.35,0
8/13/24 6:00,3.469,0
8/13/24 7:00,3.657,0.508
8/13/24 8:00,3.456,2.54
8/13/24 9:00,3.332,1.524
8/13/24 10:00,3.386,0.254
8/13/24 11:00,3.385,0.762
8/13/24 12:00,3.58,0
8/13/24 13:00,3.989,0
8/13/24 14:00,4.005,0
8/13/24 15:00,3.7,0
8/13/24 16:00,3.402,0
8/13/24 17:00,3.013,0
8/13/24 18:00,3.069,0
8/13/24 19:00,2.89,0
8/13/24 20:00,3.067,0
8/13/24 21:00,3.283,0
8/13/24 22:00,3.221,0
8/13/24 23:00,3.438,0
8/14/24 0:00,3.257,0
8/14/24 1:00,3.069,0
8/14/24 2:00,3.432,0
8/14/24 3:00,3.914,0
8/14/24 4:00,4.243,0
8/14/24 5:00,4.411,0
8/14/24 6:00,4.76,0
8/14/24 7:00,6.035,0
8/14/24 8:00,6.598,0
8/14/24 9:00,6.571,0
8/14/24 10:00,7.069,0
8/14/24 11:00,7.148,0
8/14/24 12:00,6.628,0
8/14/24 13:00,5.822,0
8/14/24 14:00,5.751,0
8/14/24 15:00,5.188,0
8/14/24 16:00,5.275,0
8/14/24 17:00,4.388,0
8/14/24 18:00,4.194,0
8/14/24 19:00,4.033,0
8/14/24 20:00,4.147,0
8/14/24 21:00,3.957,0
8/14/24 22:00,3.893,0
8/14/24 23:00,3.818,0
8/15/24 0:00,4.457,0
8/15/24 1:00,3.457,0
8/15/24 2:00,3.909,0
8/15/24 3:00,4.142,0
8/15/24 4:00,4.216,0
8/15/24 5:00,4.6,0
8/15/24 6:00,4.965,0
8/15/24 7:00,4.93,0
8/15/24 8:00,5.284,0
8/15/24 9:00,5.323,0
8/15/24 10:00,5.424,0
8/15/24 11:00,5.377,0
8/15/24 12:00,5.324,0
8/15/24 13:00,5.192,0
8/15/24 14:00,4.957,0
8/15/24 15:00,4.797,0
8/15/24 16:00,5.17,0
8/15/24 17:00,5.145,0
8/15/24 18:00,5.307,0
8/15/24 19:00,5.108,0
8/15/24 20:00,4.255,0
8/15/24 21:00,4.628,0
8/15/24 22:00,4.738,0
8/15/24 23:00,4.358,0
8/16/24 0:00,4.069,0
8/16/24 1:00,4.066,0
8/16/24 2:00,4.102,0
8/16/24 3:00,3.817,0
8/16/24 4:00,3.533,0
8/16/24 5:00,3.352,0
8/16/24 6:00,4.06,0
8/16/24 7:00,3.956,0
8/16/24 8:00,3.743,0
8/16/24 9:00,3.553,0
8/16/24 10:00,3.864,0.508
8/16/24 11:00,3.435,1.016
8/16/24 12:00,3.192,0.508
8/16/24 13:00,3.962,0
8/16/24 14:00,3.457,0.508
8/16/24 15:00,3.543,0.508
8/16/24 16:00,3.581,0.508
8/16/24 17:00,4.006,0.508
8/16/24 18:00,4.216,0.508
8/16/24 19:00,4.294,0.508
8/16/24 20:00,4.333,0
8/16/24 21:00,4.39,0.254
8/16/24 22:00,4.969,0.254
8/16/24 23:00,5.134,0
8/17/24 0:00,5.27,0
8/17/24 1:00,5.51,0
8/17/24 2:00,6.02,0
8/17/24 3:00,5.918,0
8/17/24 4:00,5.578,0
8/17/24 5:00,5.491,0
8/17/24 6:00,5.415,0
8/17/24 7:00,5.765,0
8/17/24 8:00,6.41,0
8/17/24 9:00,5.955,0
8/17/24 10:00,7.027,0
8/17/24 11:00,6.205,0
8/17/24 12:00,8.59,0
8/17/24 13:00,7.492,0
8/17/24 14:00,5.77,0
8/17/24 15:00,7.002,0
8/17/24 16:00,6.653,0
8/17/24 17:00,7.384,0
8/17/24 18:00,8.3,0
8/17/24 19:00,6.902,0
8/17/24 20:00,7.202,0
8/17/24 21:00,8.14,0
8/17/24 22:00,9.13,0
8/17/24 23:00,9.16,0
8/18/24 0:00,9.34,0
8/18/24 1:00,9.9,0
8/18/24 2:00,9.48,0
8/18/24 3:00,9.92,0
8/18/24 4:00,9.41,0
8/18/24 5:00,10.5,0
8/18/24 6:00,9.77,0
8/18/24 7:00,9.7,0
8/18/24 8:00,8.5,0
8/18/24 9:00,9.89,0
8/18/24 10:00,10.74,0
8/18/24 11:00,9.12,0
8/18/24 12:00,8.79,0
8/18/24 13:00,9.26,0
8/18/24 14:00,10.47,0
8/18/24 15:00,9.73,0
8/18/24 16:00,9.64,0
8/18/24 17:00,10.52,0
8/18/24 18:00,8.69,0
8/18/24 19:00,8.9,0
8/18/24 20:00,8.78,0
8/18/24 21:00,9.53,0
8/18/24 22:00,8.94,0
8/18/24 23:00,10.05,0
8/19/24 0:00,9.6,0
8/19/24 1:00,11.04,0
8/19/24 2:00,11.95,0
8/19/24 3:00,11.23,0
8/19/24 4:00,10.63,0
8/19/24 5:00,9.19,0.508
8/19/24 6:00,8.54,0.508
8/19/24 7:00,8.9,0
8/19/24 8:00,9.05,0
8/19/24 9:00,7.033,0
8/19/24 10:00,7.482,0
8/19/24 11:00,7.488,0
8/19/24 12:00,6.759,0
8/19/24 13:00,5.156,0
8/19/24 14:00,5.862,0.254
8/19/24 15:00,5.463,0
8/19/24 16:00,4.956,0
8/19/24 17:00,4.298,0.254
8/19/24 18:00,4.059,0
8/19/24 19:00,3.934,0
8/19/24 20:00,3.76,0
8/19/24 21:00,3.326,0
8/19/24 22:00,3.102,0
8/19/24 23:00,2.811,0
8/20/24 0:00,2.538,0
8/20/24 1:00,2.362,0
8/20/24 2:00,2.483,0
8/20/24 3:00,2.794,0
8/20/24 4:00,2.847,0
8/20/24 5:00,2.911,0.254
8/20/24 6:00,2.779,0
8/20/24 7:00,2.617,0
8/20/24 8:00,2.737,0.254
8/20/24 9:00,2.794,0
8/20/24 10:00,3.123,0
8/20/24 11:00,3.307,0
8/20/24 12:00,3.632,0
8/20/24 13:00,3.89,0
8/20/24 14:00,4.555,0
8/20/24 15:00,4.675,0
8/20/24 16:00,4.295,0
8/20/24 17:00,4.097,0
8/20/24 18:00,2.85,0
8/20/24 19:00,2.56,0
8/20/24 20:00,2.529,0
8/20/24 21:00,2.321,0
8/20/24 22:00,2.262,0
8/20/24 23:00,2.236,0
8/21/24 0:00,2.144,0
8/21/24 1:00,2.389,0
8/21/24 2:00,2.773,0
8/21/24 3:00,2.985,0
8/21/24 4:00,3.208,0
8/21/24 5:00,3.288,0
8/21/24 6:00,3.483,0
8/21/24 7:00,3.89,0
8/21/24 8:00,4.545,0
8/21/24 9:00,5.317,0
8/21/24 10:00,4.662,0
8/21/24 11:00,3.687,0
8/21/24 12:00,4.14,0
8/21/24 13:00,4.969,0
8/21/24 14:00,4.972,0
8/21/24 15:00,5.027,0
8/21/24 16:00,5.014,0
8/21/24 17:00,4.139,0
8/21/24 18:00,5.247,0
8/21/24 19:00,6.15,0
8/21/24 20:00,6.412,0
8/21/24 21:00,5.444,0
8/21/24 22:00,4.867,0
8/21/24 23:00,4.753,0
8/22/24 0:00,6.193,0
8/22/24 1:00,6.005,0
8/22/24 2:00,7.19,0
8/22/24 3:00,6.358,0
8/22/24 4:00,6.406,0
8/22/24 5:00,6.508,0.254
8/22/24 6:00,6.519,0
8/22/24 7:00,5.509,0.254
8/22/24 8:00,6.512,0
8/22/24 9:00,6.532,0
8/22/24 10:00,7.916,0.762
8/22/24 11:00,8.23,0.254
8/22/24 12:00,8.59,0
8/22/24 13:00,8.44,0
8/22/24 14:00,7.464,0
8/22/24 15:00,7.585,0
8/22/24 16:00,7.54,0
8/22/24 17:00,6.883,0
8/22/24 18:00,5.65,0
8/22/24 19:00,4.381,0
8/22/24 20:00,4.278,0
8/22/24 21:00,3.541,0.254
8/22/24 22:00,3.009,0
8/22/24 23:00,2.753,0
8/23/24 0:00,2.679,0
8/23/24 1:00,2.739,0
8/23/24 2:00,2.737,0.254
8/23/24 3:00,2.961,0
8/23/24 4:00,3.017,0
8/23/24 5:00,3.173,0
8/23/24 6:00,3.138,0
8/23/24 7:00,3.084,0.254
8/23/24 8:00,2.679,0
8/23/24 9:00,2.13,0
8/23/24 10:00,2.303,0
8/23/24 11:00,2.493,0
8/23/24 12:00,3.287,0
8/23/24 13:00,4.068,0
8/23/24 14:00,2.213,0
8/23/24 15:00,2.589,0
8/23/24 16:00,3.798,0
8/23/24 17:00,4.717,0
8/23/24 18:00,3.95,0
8/23/24 19:00,2.94,0
8/23/24 20:00,3.339,0
8/23/24 21:00,3.395,0
8/23/24 22:00,3.491,0
8/23/24 23:00,3.939,0
8/24/24 0:00,3.481,0
8/24/24 1:00,3.281,0
8/24/24 2:00,4.239,0
8/24/24 3:00,3.716,0
8/24/24 4:00,4.784,0
8/24/24 5:00,4.228,0
8/24/24 6:00,3.28,0
8/24/24 7:00,3.717,0
8/24/24 8:00,3.771,0
8/24/24 9:00,2.676,0
8/24/24 10:00,3.147,0
8/24/24 11:00,3.528,0
8/24/24 12:00,3.64,0
8/24/24 13:00,2.938,0
8/24/24 14:00,3.151,0
8/24/24 15:00,3.92,0
8/24/24 16:00,3.289,0
8/24/24 17:00,2.621,0
8/24/24 18:00,2.305,0
8/24/24 19:00,1.749,0
8/24/24 20:00,1.918,0
8/24/24 21:00,1.885,0
8/24/24 22:00,1.775,0
8/24/24 23:00,2.042,0
8/25/24 0:00,1.915,0
8/25/24 1:00,1.939,0
8/25/24 2:00,1.855,0
8/25/24 3:00,2.038,0
8/25/24 4:00,2.136,0
8/25/24 5:00,2.274,0
8/25/24 6:00,2.332,0
8/25/24 7:00,2.498,0
8/25/24 8:00,2.438,0
8/25/24 9:00,2.391,0
8/25/24 10:00,1.916,0.254
8/25/24 11:00,2.132,0.254
8/25/24 12:00,1.61,0
8/25/24 13:00,1.779,0.254
8/25/24 14:00,1.69,0
8/25/24 15:00,1.469,0
8/25/24 16:00,1.762,0.254
8/25/24 17:00,1.692,0.254
8/25/24 18:00,1.708,0
8/25/24 19:00,1.724,0.762
8/25/24 20:00,1.773,0.254
8/25/24 21:00,1.815,0
8/25/24 22:00,1.633,0
8/25/24 23:00,1.816,0.762
8/26/24 0:00,2.119,0.762
8/26/24 1:00,2.139,0.508
8/26/24 2:00,2.041,0
8/26/24 3:00,1.985,0
8/26/24 4:00,2.08,0
8/26/24 5:00,2.352,0
8/26/24 6:00,2.591,0
8/26/24 7:00,2.753,0
8/26/24 8:00,3.366,0
8/26/24 9:00,3.928,0
8/26/24 10:00,4.304,0
8/26/24 11:00,4.334,0
8/26/24 12:00,4.732,0
8/26/24 13:00,4.767,0
8/26/24 14:00,4.317,0
8/26/24 15:00,3.497,0
8/26/24 16:00,3.112,0
8/26/24 17:00,2.782,0
8/26/24 18:00,2.983,0
8/26/24 19:00,2.868,0
8/26/24 20:00,3.463,0
8/26/24 21:00,2.139,0
8/26/24 22:00,2.142,0
8/26/24 23:00,2.151,0
8/27/24 0:00,4.788,0
8/27/24 1:00,5.696,0
8/27/24 2:00,5.331,0
8/27/24 3:00,5.338,0
8/27/24 4:00,4.958,0
8/27/24 5:00,4.69,0
8/27/24 6:00,4.529,0
8/27/24 7:00,4.478,0
8/27/24 8:00,4.33,0
8/27/24 9:00,3.532,0
8/27/24 10:00,2.988,0
8/27/24 11:00,2.802,0
8/27/24 12:00,2.818,0
8/27/24 13:00,3.365,0.508
8/27/24 14:00,3.883,0.254
8/27/24 15:00,4.09,0.254
8/27/24 16:00,4.573,0.254
8/27/24 17:00,4.949,0.254
8/27/24 18:00,4.248,0.508
8/27/24 19:00,4.406,0.508
8/27/24 20:00,4.722,0.508
8/27/24 21:00,4.911,0.508
8/27/24 22:00,5.089,1.016
8/27/24 23:00,5.087,0.508
8/28/24 0:00,4.994,0.508
8/28/24 1:00,5.21,0.254
8/28/24 2:00,5.456,0.508
8/28/24 3:00,5.339,0.762
8/28/24 4:00,5.414,0.254
8/28/24 5:00,5.783,0.254
8/28/24 6:00,4.564,0
8/28/24 7:00,4.773,0.254
8/28/24 8:00,3.415,1.27
8/28/24 9:00,3.509,0
8/28/24 10:00,3.278,0
8/28/24 11:00,3.205,0.508
8/28/24 12:00,2.984,0.508
8/28/24 13:00,2.769,2.794
8/28/24 14:00,2.961,0.254
8/28/24 15:00,2.563,0.254
8/28/24 16:00,3.06,0
8/28/24 17:00,3.371,0
8/28/24 18:00,2.789,0
8/28/24 19:00,2.529,0.254
8/28/24 20:00,2.527,0
8/28/24 21:00,2.132,1.016
8/28/24 22:00,2.579,1.016
8/28/24 23:00,2.587,0.762
8/29/24 0:00,2.68,0
8/29/24 1:00,2.77,0.762
8/29/24 2:00,2.481,0.508
8/29/24 3:00,2.445,0
8/29/24 4:00,2.505,0
8/29/24 5:00,2.726,0
8/29/24 6:00,2.869,0
8/29/24 7:00,2.771,0.254
8/29/24 8:00,2.768,0
8/29/24 9:00,2.453,0.254
8/29/24 10:00,3.178,0
8/29/24 11:00,3.247,0
8/29/24 12:00,2.789,0
8/29/24 13:00,2.342,0
8/29/24 14:00,2.196,0
8/29/24 15:00,2.307,0
8/29/24 16:00,1.763,0
8/29/24 17:00,1.729,0
8/29/24 18:00,2.182,0.254
8/29/24 19:00,3.013,0
8/29/24 20:00,2.842,0
8/29/24 21:00,2.411,0
8/29/24 22:00,2.564,0
8/29/24 23:00,2.568,0
8/30/24 0:00,2.175,0
8/30/24 1:00,2.485,0
8/30/24 2:00,2.638,0
8/30/24 3:00,2.92,0
8/30/24 4:00,3.44,0
8/30/24 5:00,4.068,0
8/30/24 6:00,3.654,0
8/30/24 7:00,3.443,0
8/30/24 8:00,3.326,0
8/30/24 9:00,3.521,0
8/30/24 10:00,3.524,0
8/30/24 11:00,3.591,0
8/30/24 12:00,3.598,0
8/30/24 13:00,3.52,0
8/30/24 14:00,3.815,0
8/30/24 15:00,3.042,0
8/30/24 16:00,3.17,0
8/30/24 17:00,3.228,0
8/30/24 18:00,3.352,0
8/30/24 19:00,3.293,0.254
8/30/24 20:00,3.294,0
8/30/24 21:00,3.287,0.254
8/30/24 22:00,3.317,0
8/30/24 23:00,3.427,0.254
8/31/24 0:00,3.508,0
8/31/24 1:00,3.633,0.508
8/31/24 2:00,3.67,0.254
8/31/24 3:00,3.573,0.254
8/31/24 4:00,3.746,0
8/31/24 5:00,3.89,1.27
8/31/24 6:00,4.389,1.27
8/31/24 7:00,4.259,1.016
8/31/24 8:00,4.144,0
8/31/24 9:00,3.936,0.254
8/31/24 10:00,4.05,0.254
8/31/24 11:00,4.19,0
8/31/24 12:00,4.201,0.254
8/31/24 13:00,4.387,0.254
8/31/24 14:00,4.505,0.762
8/31/24 15:00,4.369,0.508
8/31/24 16:00,4.58,0.762
8/31/24 17:00,4.852,0.254
8/31/24 18:00,5.196,1.778
8/31/24 19:00,5.425,1.27
8/31/24 20:00,5.76,1.524
8/31/24 21:00,5.411,1.27
8/31/24 22:00,5.415,4.826
8/31/24 23:00,4.927,1.778
9/1/24 0:00,4.946,0.254
9/1/24 1:00,5.346,0.254
9/1/24 2:00,4.543,0
9/1/24 3:00,4.059,0
9/1/24 4:00,4.516,0
9/1/24 5:00,5.022,0.254
9/1/24 6:00,4.325,0.508
9/1/24 7:00,4.132,0.762
9/1/24 8:00,3.96,0.508
9/1/24 9:00,4.437,0
9/1/24 10:00,4.024,0
9/1/24 11:00,3.033,0
9/1/24 12:00,3.494,1.524
9/1/24 13:00,3.209,0
9/1/24 14:00,2.991,0.254
9/1/24 15:00,3.364,0
9/1/24 16:00,2.997,0
9/1/24 17:00,2.563,0
9/1/24 18:00,2.941,0
9/1/24 19:00,2.852,0
9/1/24 20:00,3.034,0
9/1/24 21:00,2.788,0
9/1/24 22:00,3.882,0
9/1/24 23:00,4.391,0
9/2/24 0:00,3.259,0
9/2/24 1:00,3.899,0
9/2/24 2:00,3.852,0
9/2/24 3:00,4.545,0
9/2/24 4:00,4.158,0
9/2/24 5:00,4.338,0
9/2/24 6:00,3.641,0
9/2/24 7:00,3.728,0
9/2/24 8:00,4.229,0
9/2/24 9:00,4.27,0
9/2/24 10:00,3.993,0
9/2/24 11:00,4.582,0
9/2/24 12:00,3.439,0.508
9/2/24 13:00,3.366,1.016
9/2/24 14:00,3.081,0.254
9/2/24 15:00,3.799,0
9/2/24 16:00,4.979,0
9/2/24 17:00,4.343,0
9/2/24 18:00,4.598,0
9/2/24 19:00,4.646,0
9/2/24 20:00,4.097,0
9/2/24 21:00,3.761,0
9/2/24 22:00,2.651,0
9/2/24 23:00,3.796,0
9/3/24 0:00,4.208,0
9/3/24 1:00,3.554,0
9/3/24 2:00,3.057,0
9/3/24 3:00,3.338,0
9/3/24 4:00,3.543,0
9/3/24 5:00,3.581,0
9/3/24 6:00,4.132,0
9/3/24 7:00,3.57,0
9/3/24 8:00,3.928,0
9/3/24 9:00,4.544,0
9/3/24 10:00,3.187,0
9/3/24 11:00,3.513,0
9/3/24 12:00,4.349,0
9/3/24 13:00,4.376,0
9/3/24 14:00,4.433,0
9/3/24 15:00,3.848,0
9/3/24 16:00,4.398,0
9/3/24 17:00,3.813,0
9/3/24 18:00,3.566,0
9/3/24 19:00,3.279,0
9/3/24 20:00,3.461,0
9/3/24 21:00,3.474,0
9/3/24 22:00,3.467,0
9/3/24 23:00,3.617,0
9/4/24 0:00,3.819,0
9/4/24 1:00,3.824,0
9/4/24 2:00,4.218,0
9/4/24 3:00,4.849,0
9/4/24 4:00,4.509,0
9/4/24 5:00,4.825,0
9/4/24 6:00,4.625,0
9/4/24 7:00,4.832,0
9/4/24 8:00,5.084,0
9/4/24 9:00,5.193,0
9/4/24 10:00,4.966,0
9/4/24 11:00,4.972,0
9/4/24 12:00,4.846,0
9/4/24 13:00,4.826,0.254
9/4/24 14:00,4.713,0
9/4/24 15:00,5.001,1.016
9/4/24 16:00,4.909,0.762
9/4/24 17:00,4.369,0.254
9/4/24 18:00,4.643,1.016
9/4/24 19:00,5.165,1.778
9/4/24 20:00,5.44,2.54
9/4/24 21:00,5.532,0.762
9/4/24 22:00,5.694,2.286
9/4/24 23:00,5.935,2.794
9/5/24 0:00,6.097,3.048
9/5/24 1:00,5.942,3.556
9/5/24 2:00,6.182,1.524
9/5/24 3:00,6.102,2.032
9/5/24 4:00,6.264,1.778
9/5/24 5:00,6.066,1.27
9/5/24 6:00,5.776,2.794
9/5/24 7:00,5.776,5.334
9/5/24 8:00,5.819,7.62
9/5/24 9:00,5.484,9.4
9/5/24 10:00,5.839,5.334
9/5/24 11:00,6.33,8.13
9/5/24 12:00,6.314,7.874
9/5/24 13:00,6.332,7.62
9/5/24 14:00,6.427,5.588
9/5/24 15:00,6.359,6.096
9/5/24 16:00,6.021,3.048
9/5/24 17:00,5.755,2.794
9/5/24 18:00,5.864,3.302
9/5/24 19:00,5.951,5.334
9/5/24 20:00,5.962,4.572
9/5/24 21:00,6.01,4.826
9/5/24 22:00,6.215,2.286
9/5/24 23:00,6.064,1.778
9/6/24 0:00,5.725,2.54
9/6/24 1:00,5.487,1.27
9/6/24 2:00,5.255,0.254
9/6/24 3:00,5.518,0.254
9/6/24 4:00,5.409,0
9/6/24 5:00,5.644,0
9/6/24 6:00,5.856,0
9/6/24 7:00,5.171,0
9/6/24 8:00,5.581,0.254
9/6/24 9:00,5.65,0.254
9/6/24 10:00,5.82,0
9/6/24 11:00,5.493,0
9/6/24 12:00,5.05,0.762
9/6/24 13:00,5.368,1.016
9/6/24 14:00,5.44,1.016
9/6/24 15:00,5.812,4.572
9/6/24 16:00,5.482,2.032
9/6/24 17:00,5.427,5.588
9/6/24 18:00,5.099,2.032
9/6/24 19:00,4.979,4.318
9/6/24 20:00,4.172,1.016
9/6/24 21:00,4.238,1.778
9/6/24 22:00,3.684,0.762
9/6/24 23:00,3.245,0
9/7/24 0:00,3.247,0
9/7/24 1:00,3.366,0.254
9/7/24 2:00,3.052,0.254
9/7/24 3:00,3.322,0
9/7/24 4:00,3.546,0
9/7/24 5:00,3.361,0
9/7/24 6:00,3.131,0
9/7/24 7:00,3.316,0
9/7/24 8:00,3.496,0
9/7/24 9:00,3.773,0
9/7/24 10:00,3.823,0.254
9/7/24 11:00,3.518,0
9/7/24 12:00,2.885,0
9/7/24 13:00,2.839,0.508
9/7/24 14:00,2.768,0
9/7/24 15:00,3.21,0
9/7/24 16:00,3.057,0
9/7/24 17:00,2.681,0
9/7/24 18:00,3.324,0
9/7/24 19:00,2.564,0
9/7/24 20:00,2.179,0
9/7/24 21:00,2.279,0
9/7/24 22:00,2.067,0
9/7/24 23:00,1.904,0
9/8/24 0:00,1.771,0
9/8/24 1:00,1.811,0
9/8/24 2:00,1.863,0
9/8/24 3:00,2.67,0
9/8/24 4:00,3.265,0
9/8/24 5:00,3.818,0
9/8/24 6:00,3.95,0
9/8/24 7:00,3.81,0
9/8/24 8:00,3.655,0
9/8/24 9:00,3.791,0
9/8/24 10:00,3.734,0
9/8/24 11:00,3.34,0
9/8/24 12:00,3.983,0
9/8/24 13:00,3.798,0
9/8/24 14:00,3.855,0
9/8/24 15:00,3.64,0
9/8/24 16:00,3.795,0
9/8/24 17:00,3.638,0
9/8/24 18:00,3.771,0
9/8/24 19:00,3.688,0
9/8/24 20:00,3.967,0
9/8/24 21:00,3.584,0
9/8/24 22:00,3.889,0
9/8/24 23:00,3.848,0
9/9/24 0:00,3.718,0
9/9/24 1:00,4.626,0
9/9/24 2:00,4.088,0
9/9/24 3:00,4.245,0
9/9/24 4:00,3.919,0
9/9/24 5:00,3.868,0
9/9/24 6:00,4.241,0
9/9/24 7:00,4.689,0
9/9/24 8:00,4.45,0
9/9/24 9:00,4.455,0
9/9/24 10:00,4.345,0
9/9/24 11:00,3.607,0
9/9/24 12:00,4.101,0.508
9/9/24 13:00,4.101,0
9/9/24 14:00,4.497,0.508
9/9/24 15:00,4.501,0.254
9/9/24 16:00,4.457,0
9/9/24 17:00,4.458,0
9/9/24 18:00,4.154,0.508
9/9/24 19:00,4.181,0
9/9/24 20:00,3.985,0
9/9/24 21:00,4.066,1.016
9/9/24 22:00,4.222,0.762
9/9/24 23:00,3.801,0.254
9/10/24 0:00,3.415,0
9/10/24 1:00,3.472,0.254
9/10/24 2:00,3.11,1.016
9/10/24 3:00,2.756,0.254
9/10/24 4:00,2.787,0.254
9/10/24 5:00,3.799,0.254
9/10/24 6:00,3.648,0
9/10/24 7:00,3.521,0
9/10/24 8:00,3.556,0
9/10/24 9:00,3.519,0
9/10/24 10:00,3.384,0
9/10/24 11:00,3.139,0
9/10/24 12:00,2.696,0
9/10/24 13:00,2.761,0
9/10/24 14:00,2.618,0
9/10/24 15:00,3.432,0
9/10/24 16:00,2.704,0
9/10/24 17:00,2.802,0
9/10/24 18:00,3.05,0
9/10/24 19:00,2.894,0
9/10/24 20:00,3.439,0
9/10/24 21:00,3.514,0
9/10/24 22:00,3.136,0
9/10/24 23:00,2.897,0
9/11/24 0:00,3.208,0
9/11/24 1:00,3.703,0
9/11/24 2:00,3.255,0
9/11/24 3:00,3.226,0
9/11/24 4:00,2.895,0
9/11/24 5:00,3.215,0
9/11/24 6:00,3.464,0
9/11/24 7:00,4.099,0
9/11/24 8:00,3.698,0
9/11/24 9:00,3.445,0
9/11/24 10:00,3.448,0
9/11/24 11:00,4.157,0
9/11/24 12:00,4.136,0
9/11/24 13:00,4.498,0
9/11/24 14:00,4.044,0
9/11/24 15:00,3.828,0
9/11/24 16:00,3.902,0.254
9/11/24 17:00,3.857,0.508
9/11/24 18:00,3.782,0.254
9/11/24 19:00,4.305,0.254
9/11/24 20:00,4.511,0
9/11/24 21:00,4.641,0.254
9/11/24 22:00,4.137,0
9/11/24 23:00,3.962,0
9/12/24 0:00,4.787,0
9/12/24 1:00,5.02,0
9/12/24 2:00,3.982,0
9/12/24 3:00,3.919,0
9/12/24 4:00,4.169,0.254
9/12/24 5:00,4.26,0
9/12/24 6:00,4.384,0
9/12/24 7:00,4.166,0.508
9/12/24 8:00,3.892,1.27
9/12/24 9:00,3.857,2.286
9/12/24 10:00,3.581,2.286
9/12/24 11:00,3.407,1.778
9/12/24 12:00,3.704,3.302
9/12/24 13:00,3.817,3.556
9/12/24 14:00,3.347,3.302
9/12/24 15:00,3.397,2.54
9/12/24 16:00,3.547,1.524
9/12/24 17:00,3.973,3.048
9/12/24 18:00,4.573,2.286
9/12/24 19:00,4.52,2.032
9/12/24 20:00,2.482,2.794
9/12/24 21:00,2.32,2.032
9/12/24 22:00,2.111,2.794
9/12/24 23:00,2.073,3.048
9/13/24 0:00,1.98,2.286
9/13/24 1:00,1.915,1.016
9/13/24 2:00,2.034,0.508
9/13/24 3:00,2.071,1.016
9/13/24 4:00,2.122,0
9/13/24 5:00,2.594,0.254
9/13/24 6:00,3.145,0.254
9/13/24 7:00,3.365,1.27
9/13/24 8:00,3.495,2.286
9/13/24 9:00,3.451,2.794
9/13/24 10:00,3.108,3.302
9/13/24 11:00,3.187,2.286
9/13/24 12:00,3.164,1.27
9/13/24 13:00,2.886,1.524
9/13/24 14:00,2.524,2.032
9/13/24 15:00,2.486,2.032
9/13/24 16:00,2.393,2.286
9/13/24 17:00,2.286,1.27
9/13/24 18:00,2.165,0.254
9/13/24 19:00,2.136,0.254
9/13/24 20:00,1.843,0.254
9/13/24 21:00,1.837,0
9/13/24 22:00,1.916,0.508
9/13/24 23:00,2.383,0.254
9/14/24 0:00,2.482,0
9/14/24 1:00,1.968,0.254
9/14/24 2:00,1.874,0
9/14/24 3:00,2.214,0
9/14/24 4:00,2.675,0
9/14/24 5:00,3.171,0
9/14/24 6:00,3.279,0
9/14/24 7:00,3.76,0
9/14/24 8:00,4.269,0
9/14/24 9:00,3.967,0
9/14/24 10:00,4.33,0
9/14/24 11:00,4.195,0
9/14/24 12:00,4.082,0
9/14/24 13:00,4.404,0
9/14/24 14:00,4.583,0
9/14/24 15:00,3.946,0
9/14/24 16:00,3.097,0
9/14/24 17:00,3.224,0
9/14/24 18:00,3.169,0
9/14/24 19:00,3.554,0
9/14/24 20:00,2.781,0
9/14/24 21:00,2.948,0
9/14/24 22:00,5.077,0
9/14/24 23:00,5.73,0
9/15/24 0:00,5.454,0
9/15/24 1:00,4.916,0
9/15/24 2:00,3.753,0.762
9/15/24 3:00,3.344,0.508
9/15/24 4:00,3.296,0.762
9/15/24 5:00,2.836,0.254
9/15/24 6:00,2.48,1.016
9/15/24 7:00,2.397,0.508
9/15/24 8:00,2.485,0.254
9/15/24 9:00,2.568,0.254
9/15/24 10:00,2.59,1.27
9/15/24 11:00,3.087,1.27
9/15/24 12:00,3.872,1.016
9/15/24 13:00,3.99,1.016
9/15/24 14:00,4.354,0.508
9/15/24 15:00,4.697,0.254
9/15/24 16:00,5.071,0.254
9/15/24 17:00,4.861,0
9/15/24 18:00,4.814,0
9/15/24 19:00,4.363,0.254
9/15/24 20:00,4.164,0.254
9/15/24 21:00,6.186,0
9/15/24 22:00,6.585,0
9/15/24 23:00,6.02,0.508
9/16/24 0:00,5.419,0.508
9/16/24 1:00,3.647,2.286
9/16/24 2:00,2.815,0
9/16/24 3:00,2.437,0
9/16/24 4:00,3.248,0
9/16/24 5:00,3.51,0
9/16/24 6:00,3.406,0
9/16/24 7:00,3.376,0
9/16/24 8:00,3.987,0
9/16/24 9:00,3.606,0
9/16/24 10:00,3.869,0
9/16/24 11:00,3.52,0
9/16/24 12:00,3.316,0
9/16/24 13:00,3.617,0
9/16/24 14:00,3.387,0
9/16/24 15:00,3.774,0
9/16/24 16:00,3.302,0
9/16/24 17:00,3.554,0
9/16/24 18:00,3.269,0
9/16/24 19:00,2.925,0
9/16/24 20:00,3.246,0
9/16/24 21:00,2.483,1.016
9/16/24 22:00,2.487,0.508
9/16/24 23:00,2.618,0
9/17/24 0:00,2.467,0
9/17/24 1:00,2.508,0
9/17/24 2:00,2.299,0
9/17/24 3:00,2.13,0
9/17/24 4:00,2.234,0
9/17/24 5:00,2.196,0
9/17/24 6:00,2.382,0
9/17/24 7:00,2.557,0
9/17/24 8:00,2.807,0
9/17/24 9:00,2.583,0
9/17/24 10:00,2.578,0
9/17/24 11:00,2.512,0
9/17/24 12:00,2.487,0
9/17/24 13:00,2.389,0
9/17/24 14:00,1.66,0
9/17/24 15:00,1.662,0
9/17/24 16:00,1.653,0
9/17/24 17:00,1.799,0
9/17/24 18:00,1.632,0
9/17/24 19:00,1.658,0
9/17/24 20:00,2.161,0
9/17/24 21:00,2.542,0
9/17/24 22:00,2.816,0
9/17/24 23:00,3.943,0
9/18/24 0:00,3.723,0
9/18/24 1:00,3.209,0
9/18/24 2:00,2.86,0
9/18/24 3:00,3.129,0
9/18/24 4:00,3.121,0.508
9/18/24 5:00,3.093,0.508
9/18/24 6:00,2.849,0
9/18/24 7:00,2.793,0
9/18/24 8:00,3.585,0
9/18/24 9:00,3.981,0.254
9/18/24 10:00,3.916,0
9/18/24 11:00,3.682,1.778
9/18/24 12:00,4.141,1.778
9/18/24 13:00,4.09,0.508
9/18/24 14:00,2.933,4.064
9/18/24 15:00,2.308,1.016
9/18/24 16:00,2.576,0
9/18/24 17:00,2.362,0
9/18/24 18:00,2.579,0
9/18/24 19:00,2.075,0
9/18/24 20:00,1.659,0
9/18/24 21:00,1.148,0.254
9/18/24 22:00,1.653,0.254
9/18/24 23:00,1.758,0.508
9/19/24 0:00,1.848,0
9/19/24 1:00,1.373,0.254
9/19/24 2:00,1.549,0
9/19/24 3:00,1.274,0
9/19/24 4:00,1.707,0.254
9/19/24 5:00,2.156,0
9/19/24 6:00,2.228,0
9/19/24 7:00,2.408,0.254
9/19/24 8:00,2.429,0.762
9/19/24 9:00,2.459,0.508
9/19/24 10:00,2.751,0
9/19/24 11:00,2.81,0
9/19/24 12:00,2.76,0
9/19/24 13:00,2.803,0
9/19/24 14:00,3.063,0
9/19/24 15:00,3.128,0
9/19/24 16:00,3.092,0
9/19/24 17:00,2.718,0
9/19/24 18:00,2.483,0
9/19/24 19:00,2.02,0
9/19/24 20:00,1.864,0
9/19/24 21:00,1.904,0
9/19/24 22:00,1.087,0
9/19/24 23:00,0.381,0
9/20/24 0:00,-0.102,0
9/20/24 1:00,0.225,0
9/20/24 2:00,0.616,0
9/20/24 3:00,0.207,0
9/20/24 4:00,2.491,0
9/20/24 5:00,2.977,0
9/20/24 6:00,3.271,0
9/20/24 7:00,3.273,0
9/20/24 8:00,3.527,0
9/20/24 9:00,2.731,0
9/20/24 10:00,2.616,0
9/20/24 11:00,3.53,0
9/20/24 12:00,3.742,0
9/20/24 13:00,2.823,0
9/20/24 14:00,1.77,0
9/20/24 15:00,1.703,0
9/20/24 16:00,1.533,0
9/20/24 17:00,0.719,0
9/20/24 18:00,1.116,0
9/20/24 19:00,1.503,0
9/20/24 20:00,1.293,0
9/20/24 21:00,1.491,0
9/20/24 22:00,1.305,0
9/20/24 23:00,0.848,0
9/21/24 0:00,0.555,0
9/21/24 1:00,0.518,0
9/21/24 2:00,0.387,0
9/21/24 3:00,0.791,0