year,glacier_wide_balance_mean,glacier_wide_balance_std,glacier_wide_balance_p05,glacier_wide_balance_p25,glacier_wide_balance_p50,glacier_wide_balance_p75,glacier_wide_balance_p95,area_km2_mean,area_km2_std,area_km2_p05,area_km2_p25,area_km2_p50,area_km2_p75,area_km2_p95,volume_km3_mean,volume_km3_std,volume_km3_p05,volume_km3_p25,volume_km3_p50,volume_km3_p75,volume_km3_p95,mean_thickness_m_mean,mean_thickness_m_std,mean_thickness_m_p05,mean_thickness_m_p25,mean_thickness_m_p50,mean_thickness_m_p75,mean_thickness_m_p95,total_annual_runoff_mm_mean,total_annual_runoff_mm_std,total_annual_runoff_mm_p05,total_annual_runoff_mm_p25,total_annual_runoff_mm_p50,total_annual_runoff_mm_p75,total_annual_runoff_mm_p95,peak_daily_discharge_m3s_mean,peak_daily_discharge_m3s_std,peak_daily_discharge_m3s_p05,peak_daily_discharge_m3s_p25,peak_daily_discharge_m3s_p50,peak_daily_discharge_m3s_p75,peak_daily_discharge_m3s_p95,mean_annual_discharge_m3s_mean,mean_annual_discharge_m3s_std,mean_annual_discharge_m3s_p05,mean_annual_discharge_m3s_p25,mean_annual_discharge_m3s_p50,mean_annual_discharge_m3s_p75,mean_annual_discharge_m3s_p95,total_annual_discharge_m3_mean,total_annual_discharge_m3_std,total_annual_discharge_m3_p05,total_annual_discharge_m3_p25,total_annual_discharge_m3_p50,total_annual_discharge_m3_p75,total_annual_discharge_m3_p95
2026,-0.5303602116325783,0.005864133617640349,-0.5392579872421217,-0.5347544026287497,-0.5305310594257727,-0.5263931534276581,-0.5203710003746578,40.109999999999985,1.4210854715202004e-14,40.11,40.11,40.11,40.11,40.11,6.8722845819338705,3.197442310920451e-14,6.8722845819339025,6.8722845819339025,6.8722845819339025,6.8722845819339025,6.8722845819339025,171.33594071139012,1.1084466677857563e-12,171.33594071139123,171.33594071139123,171.33594071139123,171.33594071139123,171.33594071139123,7912.872918078255,33.01200170548768,7858.570734295716,7891.791950235859,7912.5309443725655,7937.689113931603,7967.098887966153,40.71165345440265,0.17146279660030408,40.426583612746995,40.60264115115511,40.7012117224854,40.83518017391518,40.991632823164615,9.086872058802337,0.037783632700639135,9.02489230676295,9.063016106720983,9.086351367396425,9.115337507496179,9.148966491791036,286563597.24639076,1191544.640847359,284609003.7860764,285811275.94155294,286547176.7222136,287461283.6363995,288521807.2851221
2027,0.2729942373961146,0.006968627394769675,0.26217297709089116,0.2682007943059427,0.272788800155465,0.27708637469571507,0.2859235856009181,40.100000000000186,1.8474111129762605e-13,40.1,40.1,40.1,40.1,40.1,6.848639916762037,0.00026131405959755797,6.848243419339311,6.848444105417561,6.84863230354356,6.848816694467283,6.849085050095653,170.78902535566178,0.0065165600897140255,170.77913763938432,170.78414227973968,170.78883549983942,170.793433777239,170.80012593754745,6038.708905755575,24.927760842345478,5997.186466852634,6022.813799378822,6039.757412538958,6057.980705783085,6079.374078668503,38.57636218650139,0.1777133163576821,38.275618143069465,38.44674364352077,38.587782124346475,38.699419835417416,38.86058770352035,6.908165252542543,0.02835340981948449,6.8613622086442305,6.890475977312256,6.909024887674116,6.930248763528368,6.954657382582463,217855899.4041817,894153.1320672628,216379918.61180443,217298050.42051932,217883008.8576909,218552325.00663063,219322075.21712053
2028,-2.489642149802534,0.008729099956476232,-2.5040982885618344,-2.49567865319068,-2.490163559737316,-2.4842073201036783,-2.4752496609944425,40.100000000000186,1.8474111129762605e-13,40.1,40.1,40.1,40.1,40.1,6.860803326672688,0.0005539090850896014,6.85998164976974,6.860408004666352,6.860771700813872,6.86116611798451,6.8617569536212315,171.09235228610189,0.013813194141885261,171.07186159026782,171.08249388195392,171.09156361131852,171.1013994509853,171.11613350676387,9148.502416969251,37.19199977594373,9089.503589112754,9125.886592558398,9145.645331200965,9175.28892816781,9209.55382028865,43.91074791170778,0.20607844226214944,43.56585584140723,43.75511498194543,43.91910500074703,44.050223112971906,44.25079265344045,10.610453260141057,0.04303254706119767,10.542220973072528,10.584392650306132,10.60710343440749,10.640967383101335,10.681263925425403,335527997.1734847,1360792.4161880151,333370328.4988887,334703898.14504063,335422067.6442074,336492926.97538364,337767200.35537225
2029,-2.6166204276970406,0.009677863835005757,-2.6333952628606117,-2.6228551509395697,-2.6169271646210515,-2.6104660138446185,-2.6006998086669584,39.979999999999755,2.4158453015843406e-13,39.98,39.98,39.98,39.98,39.98,6.750863463995393,0.0006974617195276744,6.749766265710937,6.75031087356697,6.750851715536728,6.7513890765587625,6.752084803279426,168.85601460718846,0.017445265621002418,168.82857092823753,168.84219293564206,168.85572074879258,168.8691614947164,168.88656336366748,8752.577402492096,35.117135374506695,8695.48343120619,8731.33391625885,8747.245517319905,8777.417285547306,8810.775054293996,40.13822265317183,0.19494013238189742,39.795070766151795,39.986870075880674,40.158278351805706,40.27954407362564,40.453998222347145,10.056266800600527,0.040232001835865096,9.99087839820541,10.031936202631158,10.049974094380076,10.084471033101373,10.122865101864805,317134429.8237383,1268756.4098958417,315072341.1658059,316367140.0861762,316935983.04037005,318023878.4998849,319234673.8524085
2030,-0.07812405893340191,0.005024226680279665,-0.0857431646115857,-0.08150562500506785,-0.07799100249508217,-0.07460285642437646,-0.07033021217462454,39.790000000000134,1.3500311979441904e-13,39.79,39.79,39.79,39.79,39.79,6.636525438506703,0.0009572928590605703,6.635163576560068,6.635768623001647,6.636346069775831,6.637305528371019,6.638095118147258,166.78877704213866,0.024058629280235864,166.7545508057318,166.76975679823187,166.78426915747252,166.80838221590898,166.8282261409213,5024.440667949828,20.94687091512973,4989.6453069078925,5010.755729567039,5026.117709364257,5040.080284546541,5058.724709722587,32.40108147232027,0.15454731387693837,32.131748339467535,32.28336973996479,32.41379515282894,32.51138600179992,32.64941845945814,5.924407901629962,0.024704606053623342,5.883240930002229,5.908230469560839,5.926321416082143,5.942686195426476,5.964907569162625,186832127.58580258,779084.4565070649,185533885.9685503,186321956.0880706,186892472.17756647,187408551.85896936,188109325.10111254
2031,-0.2624368575876927,0.004149162305053149,-0.269553508928135,-0.26499139842249086,-0.26240179255988844,-0.25974807938596123,-0.25495967496478333,39.78200000000007,0.00438178046004046,39.78,39.78,39.78,39.78,39.79,6.633064619809229,0.0010974350027536386,6.6314349706658575,6.632195357224192,6.6329111522708075,6.633935542827199,6.634979877171393,166.73532267752714,0.017729125435728486,166.70581080885316,166.72266428506143,166.73417643146388,166.74759163922084,166.76476806367592,5939.254114577489,24.440472312958278,5899.150199967166,5923.941354357481,5939.604393260512,5956.976189344136,5979.686135114794,32.80339407475276,0.14294326913375482,32.57089555405259,32.70227364394772,32.807523508483875,32.90349091169483,33.043211246183624,6.679614325079379,0.027202862053186238,6.635659709236295,6.662462372914761,6.680340092514868,6.698992272755688,6.725141306092058,210648317.35570332,857869.4577092815,209262164.5904758,210107413.3922399,210671205.1575489,211259420.31362337,212084056.22891915
2032,-0.8191622036835561,0.005311410495579142,-0.8265302661643101,-0.8228999281373397,-0.8198768908894831,-0.8150572103669773,-0.8094936439579636,39.75860000000015,0.003469870314578793,39.75,39.76,39.76,39.76,39.76,6.621501139268283,0.001238674385736449,6.619637844547403,6.620521517059922,6.621440801515934,6.622467486731818,6.623664259433202,166.54261279714532,0.02532062056992913,166.50944191378068,166.52228811326495,166.53825784222602,166.56105348923083,166.59115340626767,5740.005823886844,23.73669875071998,5701.1661162178225,5725.341631140352,5740.556494711002,5758.072093055949,5778.338974309727,33.26303976293517,0.14706087787931396,33.01955836450822,33.15983339460881,33.27197912541973,33.36485991738056,33.50253851874613,6.347190297452842,0.02594671774703648,6.305015741450354,6.3309060232845615,6.347000348704319,6.366849623943765,6.389164942432578,200713390.46217278,820497.4872838876,199379729.78243968,200198442.6307137,200707383.82686746,201335065.54819936,202040729.47557995
2033,-3.070232196495303,0.011331490313583875,-3.0903882099117754,-3.076978713470227,-3.070340044817261,-3.0622187873968585,-3.051090780031194,39.7008,0.002712931993249573,39.7,39.7,39.7,39.7,39.71,6.58543028401963,0.0014656818795264579,6.583171833124185,6.584284721709708,6.585348149651408,6.586623391566187,6.588014582520512,165.87651280779244,0.03210970828921642,165.8229680887704,165.85100054684403,165.87778714487175,165.90506415235626,165.9231335345631,8653.404569240374,34.42626369040555,8598.253276452679,8632.536914089222,8647.815758370114,8677.598895536967,8710.121832760058,37.26209670190809,0.17850146212208798,36.948173955720264,37.12481343145741,37.27830314936557,37.391426363275535,37.54935274899122,10.205019463629181,0.04050374268788052,10.141639469298719,10.180250637920006,10.19834361760945,10.233290267038296,10.271748232165951,321825493.8050099,1277326.0294049988,319826742.3038044,321044384.1174453,321614964.3249316,322717041.8613197,323929852.2495854
2034,-2.5629996483608193,0.009769398416919687,-2.579566205777219,-2.569102687943685,-2.5639956741098646,-2.5560782028502786,-2.545961948397741,39.43636000000008,0.011417109967063282,39.42,39.43,39.43,39.45,39.45,6.452639005977846,0.0017525646186293384,6.450116907733992,6.451252095816509,6.452307329766369,6.454050335357302,6.455644069853396,163.6215683567991,0.01706194526840616,163.59270862188762,163.60943475439382,163.6218704695169,163.63331043859978,163.64594667802737,7966.8816876598785,30.977638400731514,7919.977583947982,7947.239948651372,7963.244107122705,7989.223594242623,8017.540831315476,40.092916434998415,0.16080660490579496,39.83315051869511,39.98445987126935,40.078063935747906,40.2146385243294,40.36289661198201,9.229034497476889,0.034901251555465265,9.175310046252626,9.204909736639113,9.22644880590083,9.255369834491965,9.286225308670977,291046831.9124312,1100645.8690531545,289352577.61862284,290286033.4546511,290965289.5428885,291877343.10053855,292850401.33424795
2035,-0.8091958349906804,0.006480964132331204,-0.8199470030014375,-0.8134603629268234,-0.8092850188762686,-0.804565269010218,-0.7988973684694682,39.20699999999992,0.006465291950096568,39.2,39.2,39.21,39.21,39.22,6.342015315376004,0.0020702068145018286,6.339019188472663,6.3404873562000015,6.341628563374802,6.343562053716226,6.345528905295731,161.7572164502335,0.03168033828342091,161.70967317532302,161.73355400974705,161.7566871168953,161.78073026362821,161.80961180241553,7405.398925626094,29.137247733361406,7359.131152701631,7387.323074945269,7405.753449307698,7427.006024426036,7454.292648677983,26.572493699608376,0.10874748200850681,26.39098068826314,26.499409758974394,26.56620832809181,26.652999223897496,26.749402388812317,8.537296699636798,0.03282472199367485,8.485689240818312,8.517001888703446,8.538187435762968,8.560649744882067,8.591861226183186,269232188.71974593,1035160.43279253,267604695.8984463,268592171.56215185,269260278.974221,269968650.35460085,270952935.628913
2036,-1.8567130759416166,0.00700768009156927,-1.8688597161703864,-1.8613111991141014,-1.8568799668989309,-1.8524333235383317,-1.8451762210340472,39.1747600000001,0.0049942366784114425,39.17,39.17,39.17,39.18,39.18,6.306801608278701,0.0022921265117591743,6.303492249964936,6.305138275447689,6.306428603020247,6.3085075786056795,6.310645949207532,160.9914512287943,0.042612049795938876,160.9265317836338,160.96687962769215,160.98948407997017,161.0135822016179,161.06804362449037,6046.159985992297,23.94999566698617,6007.582907598027,6031.665366579109,6043.2858528095,6063.245943306842,6085.493998186367,26.943618565993635,0.11233566484963842,26.75802301894364,26.869111870541968,26.94054383809668,27.02685719192398,27.128899408928923,6.831364203319687,0.026659721210161105,6.788662798087919,6.814699621379371,6.827667555286983,6.8506484487602535,6.875203260458998,216024131.38305646,843044.367996198,214673810.4662554,215497157.30710703,215907234.50030708,216633945.50607625,217410427.58353865
2037,0.1149350108398797,0.004810400020961467,0.10764370105383744,0.11209094029430897,0.11494749961396086,0.11806648774294602,0.12344435412224024,38.97587999999989,0.0071711644800550685,38.97,38.97,38.97,38.98,38.99,6.227080987655994,0.002472342727110236,6.223366073894908,6.2253400284552916,6.226683198125649,6.228873322930833,6.23126830217131,159.76754820146766,0.038871917103533105,159.7011452862059,159.74419137230535,159.76898836466265,159.79334715870942,159.82831181682644,5130.616303079965,21.302494247700864,5095.345924905196,5116.227462844907,5131.625217658132,5146.095301414493,5165.6955248934455,29.76005924314307,0.13450281285772778,29.53022631569937,29.658136736153295,29.76563061496916,29.854052437761418,29.97939434893615,5.529795555894945,0.02232039454505238,5.492477313936325,5.514422300860118,5.530382426541994,5.545866536227004,5.566861651748442,174387632.65070286,703895.9623727718,173210764.57229596,173902821.67992467,174406140.20342833,174894447.08645484,175556549.04953888
2038,-2.3671343183857934,0.00990446112392921,-2.3838457360926575,-2.3737074139220677,-2.368207580227102,-2.3601433973247525,-2.349822603964649,38.97587999999989,0.0071711644800550685,38.97,38.97,38.97,38.98,38.99,6.232058433767949,0.0025421558422256225,6.228369504538855,6.2302215912490215,6.231709965815985,6.233919476833989,6.236348538948364,159.89525376906752,0.04077995939026832,159.82546885853623,159.87093425254267,159.8972745018251,159.92169065292597,159.959870380768,7417.101408414854,29.18074719446905,7372.206994682648,7398.442765307504,7413.352897342374,7438.477753451136,7465.060744868506,39.57957150501187,0.17242884036791586,39.30057375982676,39.45012991613586,39.579126760450265,39.69411831442791,39.86767544509886,8.209285991605258,0.03146896512740789,8.160266142702472,8.189207856516695,8.206340135454612,8.232501706981273,8.261172961479758,258888043.03126332,992405.2842579348,257342153.07626516,258254858.9631105,258795142.51169664,259620173.8313614,260524350.51322564
2039,-1.6676394451005192,0.00548219589800833,-1.677249105457963,-1.6710494055373806,-1.6677243835784106,-1.6644533256282406,-1.6579669498600662,38.777160000000116,0.017740755339048887,38.76,38.76,38.77,38.79,38.8,6.130797113189719,0.002827053535845739,6.1265103926468125,6.128821067343352,6.1304112891682365,6.132873909289154,6.135514026789958,158.10330702565096,0.03256499617144849,158.0558749263513,158.08006043296663,158.09916576582785,158.12942462769786,158.15345927464878,7452.174684023807,29.226078932762967,7405.518079102087,7434.327441386199,7449.2807712841295,7472.26805288709,7500.134191584083,39.15449446870233,0.166720046433734,38.88075894253724,39.029860002913296,39.160171297881845,39.2669501723263,39.4288939830921,8.212362318700409,0.030550168950865434,8.163476273061502,8.19221569884128,8.209637299021313,8.234178788488808,8.26330941939702,258985058.08253586,963430.1280344906,257443387.7472675,258349714.27865866,258899121.86193612,259673062.2737831,260591725.85010442
2040,-1.2728680568977924,0.005130181732049719,-1.2804911760351854,-1.2766946101629546,-1.2732349757585282,-1.2694361843584125,-1.264660190486419,38.595960000000154,0.004987825177368482,38.59,38.59,38.6,38.6,38.6,6.059933472002357,0.003048244340473833,6.055256919650207,6.057821926611588,6.059569524661182,6.062151778210704,6.065030744512239,157.00952268523622,0.06386040494313126,156.91259185411263,156.96754595284534,156.99605317608948,157.05056420234985,157.1251488215606,6953.949717372232,28.70418535402115,6907.187237650945,6935.696789367379,6953.980336220955,6974.146836733777,7001.173902664573,46.569104785360906,0.21179668217277126,46.22361193624485,46.40217630376196,46.578362292237934,46.71393832860076,46.92485705898981,7.940411148636044,0.032452650272082884,7.887659775549331,7.919319124515849,7.940503308030588,7.9627006658189305,7.9933670480715024,251094857.50662842,1026230.6879639144,249426732.48633116,250427877.08309,251097771.80786648,251799705.53479254,252769450.1409363
2041,-2.1384060193631713,0.008324734895711682,-2.1520106652553705,-2.1438985988998014,-2.13902208872112,-2.13261768946627,-2.124441894204064,38.442680000000024,0.01613745952744748,38.42,38.43,38.43,38.46,38.47,6.005898969484201,0.0031978200510855105,6.001017677126063,6.003677625004792,6.005494266269196,6.008262062754128,6.011305563708273,156.22997095249997,0.03280484364142754,156.18122705832576,156.2055515855632,156.22982758522465,156.25330366193518,156.28170284473384,6672.272149238888,25.986280799555328,6631.852391453455,6655.473361012914,6668.928267271225,6690.947163169947,6714.487556816842,32.34352783078672,0.128680710229341,32.130370998721254,32.25607138530038,32.333890463102954,32.437154459428285,32.562167456884474,7.464641025875718,0.027664678411058838,7.421165817915954,7.446040084238423,7.460242586917616,7.484808793661475,7.509865145838462,235404919.3920166,872433.2983711512,234033885.23379752,234818320.0965429,235266210.22103393,236040930.11690828,236831107.23916173
2042,0.6957586168139454,0.006848805430997307,0.6846791207120158,0.6908874312972326,0.6948440385413581,0.7011674004727769,0.7075807331410342,38.183800000000055,0.009693296652842355,38.17,38.18,38.18,38.19,38.2,5.915919263208008,0.003475410234276067,5.910444325811211,5.91355166631849,5.915480427445798,5.918419638146585,5.921872038823014,154.93268907006967,0.05552230128386262,154.8502861427231,154.88738228682283,154.92904146242392,154.97163612515587,155.02282824144015,5391.635478205621,22.67683433424686,5353.865693313443,5376.05748419544,5393.035350838562,5407.518769412833,5428.912829164683,28.4934871579838,0.12263254196325077,28.293476581792508,28.40164948818615,28.49801098058669,28.575131302346293,28.695619980244654,6.02697037131976,0.024657704831384773,5.985351667450493,6.008993662403162,6.028086073066639,6.043746908451135,6.06846119308447,190066537.62993985,777605.3795625508,188754050.18471873,189499624.1375461,190101722.4002295,190595602.504915,191374992.18511185
2043,-0.35285233973553826,0.005118861110379375,-0.36142081815097915,-0.35625021080898367,-0.35283456741796515,-0.3497613800278212,-0.34369302691134435,38.183800000000055,0.009693296652842355,38.17,38.18,38.18,38.19,38.2,5.945437821008375,0.00348487408459017,5.9401209346261385,5.942950675524337,5.944999512753919,5.9479671928600135,5.951296186249513,155.70575419986287,0.056100040157363903,155.62153236711083,155.66306149530493,155.70190622882444,155.74341401729728,155.7964056533084,6665.356538871507,27.180344064647638,6620.3360688536295,6648.641745671749,6665.480099727049,6685.051329200061,6710.25664204475,37.13025319037568,0.15960226310678294,36.87264496175141,37.01054922968063,37.13213812026339,37.23601842692175,37.39864057187353,7.283868474365733,0.02867218685860045,7.2357915551168075,7.2657056391846275,7.284222203439578,7.303963503861341,7.331231994518108,229704076.20759776,904206.084772824,228187922.48216364,229131293.03732643,229715231.40767056,230337793.05777124,231197732.17912304
2044,-0.36282010501086176,0.005357042258052766,-0.37126449270847944,-0.36687896737848236,-0.3627811950123101,-0.35940756172542043,-0.35404933778631603,38.183800000000055,0.009693296652842355,38.17,38.18,38.18,38.19,38.2,5.930467575626391,0.003617877046477985,5.925104706665303,5.927861420342082,5.930011654027515,5.933026642810269,5.936464769102047,155.31369604460124,0.06008548866632934,155.22413887895826,155.26602661681002,155.31013170826935,155.3533007888562,155.41502439477532,6327.959943524461,26.457802185211474,6283.573856760722,6310.30709263268,6329.152736672033,6347.284256805208,6371.207926666541,44.03929494594767,0.1894769759369844,43.7352676004724,43.89725160145048,44.04128410417677,44.16509625491342,44.35859978328024,6.979158366561555,0.028321573263683883,6.931766205296145,6.95933913644133,6.980451679889193,6.997940495487525,7.02625713429168,220697737.53075618,895596.1183735176,219199083.6503568,220071005.90820232,220738635.20212802,221291673.5245047,222187113.6034252
2045,-0.8355087712265934,0.005054412141066623,-0.8430443784982332,-0.8390576253684527,-0.835848930383595,-0.8319434084711073,-0.826838030189633,38.18128000000006,0.01073133728852096,38.16,38.17,38.18,38.19,38.2,5.915072219824599,0.0037423572131830315,5.90969460481252,5.9123040486924205,5.914542711379699,5.917874296174291,5.921403241497824,154.92072783591854,0.05821625287032047,154.83888713042967,154.8737447181727,154.9120668250314,154.95981810739298,155.02444029267843,7532.390577680523,31.48867635093966,7480.479990580413,7512.095812582644,7533.086169261389,7555.565056665839,7584.235401788974,47.413809812483926,0.21094132440949495,47.06515789641556,47.25170765863581,47.4232836062833,47.55762752690963,47.76077365790643,8.122199789632363,0.03299240954587615,8.068183338011826,8.10007225645523,8.123030812136253,8.144348233793012,8.17746740605767,256141692.56584632,1040448.6274387499,254438229.74754095,255443878.67957208,256167899.6915289,256840165.90089643,257884612.11743468
2046,-2.598721339228249,0.010285561947499217,-2.6166988058651843,-2.605429831758019,-2.59887051292577,-2.592261943358907,-2.5808503218156145,38.096560000000146,0.006705699068701787,38.09,38.09,38.1,38.1,38.1,5.879818318365239,0.003882588688395473,5.874094329448606,5.876942088139636,5.87926192480956,5.8827810570659,5.886388607321463,154.33986515490147,0.08079599581794031,154.22119386371426,154.28494179793418,154.31603979665397,154.40370228519424,154.47971801488856,7580.862007036077,30.102788816264418,7532.908136302379,7562.698352703954,7577.317161759799,7601.753619334737,7630.500856397421,36.79842875519596,0.15260968891889873,36.54807285440223,36.70067257315881,36.78129299501256,36.90721930594024,37.05406777985046,8.312874950046215,0.03245065497037418,8.261492122355033,8.293140772722683,8.308422465365613,8.335543596902914,8.366479328785953,262154824.42465743,1023363.8551457195,260534415.57058838,261532487.40858254,262014410.86777,262869702.8719303,263845292.11259383
2047,-0.8523888414130314,0.00435214128281607,-0.8595066856109551,-0.8551848236899097,-0.8528562007452565,-0.8495404543653456,-0.8444048464226583,37.77332000000011,0.018367841462730423,37.75,37.76,37.77,37.79,37.8,5.771258913823831,0.004141488447157931,5.765174835154421,5.768227229695414,5.770718877524382,5.774262073673235,5.77827102713636,152.7866333645095,0.04789034825787601,152.71857053529664,152.7511031404891,152.7846226312269,152.81519215362908,152.87450074330116,8368.21990347156,33.71292085199757,8313.058395933895,8346.929522480801,8367.00403894133,8392.045091690903,8423.439889006362,51.447522991331496,0.223896176589967,51.0798111016067,51.27770033412746,51.45078991812114,51.604072538008246,51.82695713379439,9.002808994296748,0.03451326893748306,8.948654819319495,8.979507925695106,9.000438857796858,9.02789251552049,9.060201840815237,283912584.44414246,1088410.4492124666,282204778.3820596,283177761.94472086,283837839.81948173,284703618.36945415,285722525.2519493
2048,-1.7720500606246472,0.005814979576784272,-1.780261993163388,-1.7766920337399505,-1.7722226537216113,-1.7679230645918271,-1.762611834168128,37.66315999999992,0.023306960333771234,37.63,37.65,37.66,37.68,37.7,5.735633625423485,0.004307152748871764,5.7293773529725005,5.7324332407246175,5.7350962094980495,5.73873159530025,5.742938759801905,152.2876264259061,0.03287693515533583,152.24251855677892,152.26174847862933,152.2832587618906,152.31381495563267,152.34147903810936,6646.151518352747,26.73039059426013,6603.347962889828,6629.998770577034,6644.608158164419,6665.524820210263,6690.10193917012,34.12469623338374,0.13490393563276346,33.912929826086334,34.02822209480035,34.11488682180419,34.22810217686119,34.36255834902016,7.21509329823918,0.02756336632415428,7.172720166597348,7.195455149149544,7.212942411919499,7.23473436551159,7.263733113036572,228158566.31423858,871619.7952489369,226818626.196208,227537560.90846658,228090550.12668318,228779663.99995372,229696673.9936877
2049,-1.9139682282902823,0.007363222169654748,-1.9241580226645196,-1.9196081501865006,-1.914709611859723,-1.9083534575630818,-1.9020632757360885,37.42667999999998,0.013497318252156689,37.4045,37.41,37.43,37.44,37.44,5.662529829740494,0.004504699979541531,5.655924281976408,5.659285209955579,5.661938403383341,5.6658258778436466,5.670191785447676,151.29659088815046,0.07447667440404411,151.19876874399685,151.24832126152018,151.27548537302548,151.3308193868495,151.4474301668717,6408.6615124218015,25.861523657148464,6366.747162607546,6393.201824676148,6407.449168586025,6428.3640074207015,6451.4498571249205,36.975841176312365,0.15469657927198766,36.71796080789681,36.863019288209884,36.97761430244703,37.0787694027987,37.23413166528641,6.823078127835692,0.026484542183178812,6.779916421458184,6.806507554947224,6.82196695448304,6.842118883622884,6.867319533418554,215172591.83942637,835216.5222887264,213811444.26710528,214650022.25281566,215137549.87657714,215773061.1139313,216567788.80588755
2050,-2.374772643804779,0.008047365592792701,-2.389419039517306,-2.379895005271622,-2.374404613328388,-2.3690142806637584,-2.3630050989182365,37.23527999999999,0.02016238081180001,37.22,37.22,37.22,37.25,37.27,5.583867432115063,0.004735303567419907,5.576894280594991,5.580413062466376,5.583257579418377,5.587222415212295,5.591900436264747,149.9617212369643,0.05929821312565566,149.8429876518497,149.93049603617345,149.98093508637146,150.00269283870955,150.02827802713435,8243.023296606463,32.58487989948302,8191.7944501803695,8223.258841029672,8239.997414696429,8266.875172708444,8297.218565597048,34.178321768713104,0.15675440039809752,33.907011464822446,34.0520883501579,34.191842161410975,34.28147134583944,34.43374684023533,8.903174616052548,0.033000684976656425,8.8501073844598,8.88092896425491,8.899652752003426,8.925930388922316,8.958508374265815,280770514.69183326,1040709.6014238382,279096986.47632426,280068975.8167429,280659449.18718004,281488140.7450542,282515520.0908467
2051,-1.2623420668174534,0.006876045750418465,-1.2730590410159395,-1.2675851518633365,-1.2626272822835984,-1.2566635937623585,-1.251322745881391,36.95151999999995,0.0046572094649047005,36.95,36.95,36.95,36.95,36.96,5.487369750008822,0.004992414556202359,5.479994551923715,5.483717925250962,5.486710126291957,5.490983668462368,5.4958453159630585,148.50185723876456,0.12111744323322117,148.3217491833293,148.409145473639,148.4901252041125,148.60227381530484,148.697113527139,7433.546610480852,30.18146164066787,7386.442890876965,7415.5028298577,7432.561507708999,7455.13630684794,7483.3518443532075,36.12993901132672,0.15314757087022263,35.880336740654194,36.02852086383977,36.12272339862942,36.243992210196794,36.378966155561045,8.030160794041652,0.032111707834785876,7.979719726492773,8.010732307110597,8.028833108120446,8.053125593529462,8.082862963140196,253239150.80089745,1012674.8182778059,251648441.2946761,252626454.0370398,253197280.8976864,253963368.7175451,254901166.4055892
2052,-0.6461847267754324,0.004788049440458507,-0.6528130293583817,-0.6501069210716621,-0.6469507407490793,-0.6423181039609914,-0.6377243732037557,36.83672000000008,0.011508327419742927,36.81,36.84,36.84,36.84,36.85,5.435789420495925,0.005209323116732495,5.428032219618221,5.432039000564767,5.435118883958772,5.439581574152909,5.444629097983357,147.56440318983357,0.1063800647250068,147.43476453049848,147.47300740202382,147.5330858837886,147.65422296832,147.7431441157933,6042.6715803797215,24.577268050352632,6003.537387211614,6027.565370452967,6041.915581753257,6061.37644099489,6083.027367953342,38.658713373787045,0.17416556320865673,38.3588401374418,38.52371339813572,38.66833303192048,38.77742820795046,38.945446774648246,6.037280910082236,0.02363932212101818,5.999642741378312,6.021980440952429,6.0360088871245505,6.05591264815445,6.076419284507296,190913311.8509845,747532.0998396844,189723102.62496156,190429474.29597408,190873087.43220735,191502492.12499928,192150961.18240353
2053,0.0027238614018516723,0.005844686159185019,-0.005714479067427458,-0.0013470770472160396,0.0025344783831510397,0.00650909058164595,0.012279330281288851,36.784800000000025,0.008109253973085042,36.78,36.78,36.78,36.79,36.81,5.409416280830907,0.005355505340563425,5.401548892409426,5.405499863071975,5.408690045275874,5.41333258987633,5.41851236072025,147.05572764278608,0.11891294715929925,146.86103568269237,146.96845739728045,147.0551942706872,147.14141315238732,147.23489579224415,4884.606282811661,20.474373876677678,4850.739177840475,4871.550028047158,4885.742895067016,4900.909139532409,4917.214284695903,25.126495427775108,0.11369907416135618,24.9268477903279,25.038762084878364,25.13394488676024,25.21088445988674,25.308126107619103,5.146800469356893,0.021019850860518587,5.111910208040071,5.132892158826046,5.1476835795041564,5.163031929127543,5.180544659821768,162309499.60163906,662882.0167373138,161209200.3207517,161870887.12073818,162337349.36324307,162821374.9169662,163373656.3921393
2054,-0.918150487368633,0.005171333030604935,-0.9264910753005006,-0.9219938827463248,-0.9182426451640462,-0.9139921454265084,-0.9101787688014004,36.784760000000034,0.008108168720493877,36.78,36.78,36.78,36.79,36.81,5.409527608120018,0.005483206279758828,5.401634450564106,5.405465835176935,5.408819164971375,5.413656911508401,5.418767076448376,147.05891346981485,0.1224996551897159,146.86336189679463,146.96753222340772,147.05870486599713,147.1502286357271,147.24897853398465,6893.087928455631,28.084468059958162,6848.1371619181855,6876.437562727508,6893.336729182698,6913.244074280595,6940.449677750261,33.31734281290785,0.13509404560987984,33.09706191388361,33.229604881964384,33.30082485963042,33.41504075321634,33.54211804135098,7.336280266331192,0.029189204849042583,7.28948872168805,7.318346245379859,7.33581736768582,7.3568648940212285,7.38556565522421,231356934.47902057,920510.7641194065,229881316.32715434,230791367.19429922,231342336.50734,232006091.29785347,232911198.50315067
2055,-1.8985305260575807,0.006077091745843314,-1.9099599337510818,-1.9023541162620385,-1.898757576512113,-1.8941861540759133,-1.8886810229324218,36.65504000000004,0.03038747110241369,36.62,36.63,36.64,36.69,36.7,5.372137673873033,0.005635283270375468,5.363996589459037,5.36796801417663,5.371392093047376,5.376390745649468,5.381648527485385,146.55929772116346,0.05335418189938872,146.47724165644559,146.5297185209292,146.5561285366451,146.58546071622018,146.66592277666842,6965.375807842413,26.598570872117115,6923.646553328274,6948.404657910135,6961.396861660291,6984.28023348954,7009.537308195049,31.09314993359711,0.1205578938934872,30.903213645661772,31.006447474903993,31.08866895145394,31.178750227574355,31.30671234201115,7.180334209445962,0.025367090224473622,7.13944913962619,7.161968154267575,7.177901955992692,7.199108651240086,7.225468819374316,226439019.62908763,799976.5573190002,225149668.0672515,225859827.71298224,226362316.08418554,227031090.42550737,227862384.68778843
2056,-1.8641979233015111,0.007650758230273816,-1.8762009826569657,-1.8697318649444152,-1.864989166157714,-1.8591689748788842,-1.8511147490916016,36.40575999999988,0.010060934350247614,36.4,36.4,36.4,36.41,36.42,5.295855782157929,0.00589511980814986,5.28728102528237,5.29153769282874,5.295019686149727,5.30025371212004,5.305803004919316,145.46749780851613,0.12983117828797192,145.26751601057424,145.3719146381522,145.46039871725438,145.57137358198406,145.67609959933841,10586.645849526678,44.20165045227499,10515.61192036599,10557.87362246941,10585.471298164375,10617.45865248306,10658.866544751545,50.63593076952285,0.2311665807058311,50.243239455824096,50.44772239307596,50.64572424952809,50.79452261936781,51.0200173409559,11.248916899533967,0.04572105182794019,11.173604572311284,11.218649251839867,11.247729058568513,11.280338345873687,11.325066043515822,355717749.76382303,1445809.3893238571,353336193.22745633,354760614.10138106,355680187.381677,356711371.3085561,358125768.45447475
2057,-0.11958816448114128,0.005331460488909776,-0.12781450338219325,-0.12390554507329142,-0.11982035405594829,-0.11569101981156135,-0.11141091316453897,36.14107999999999,0.03728851834010011,36.09,36.11,36.14,36.17,36.2,5.2213810420925295,0.006019976080304036,5.212555917589481,5.216984836820348,5.220529226507787,5.225721435845352,5.231619788027495,144.47217692399488,0.03498854514052515,144.42361597829543,144.4513797127084,144.47177645624782,144.48986930578644,144.529673967788,7219.442998641139,29.06141577670951,7170.379240959562,7199.218013133804,7220.841957935506,7239.781616449187,7268.738205695402,46.07019501659343,0.1894204701737325,45.76402244747237,45.91856703508749,46.07999423997536,46.203900228497204,46.39877447097943,7.471305084567532,0.02767623134652693,7.42618830147255,7.449318143161754,7.471322891758387,7.491045477700551,7.519132727942928,235615077.1469218,872797.6317440723,234192274.27523834,234921696.9627491,235615638.71449247,236237610.18476456,237123369.70840818
2058,-2.3220114651080555,0.007336091515525744,-2.3356818336243426,-2.326397226038756,-2.3220665933349167,-2.3169269753991704,-2.3097352796337383,36.11720000000004,0.031435012327020104,36.09,36.09,36.11,36.14,36.17,5.216563537392776,0.006032881943835917,5.20785971324296,5.212172103942875,5.215743487612176,5.220997985326722,5.22683996658165,144.4342993393998,0.060076782474702495,144.3213051628833,144.40048226909454,144.44755803904485,144.47674835346282,144.50570305127164,8936.904537136868,35.41906642699167,8879.815145926395,8914.434439064007,8932.67959556057,8961.523917464077,8994.969081191814,44.26259102195692,0.19349593105440768,43.94959372765496,44.105203483792366,44.26712295153519,44.39617321377138,44.59536778686477,9.445638327919598,0.03454821779050614,9.390735021766702,9.420157568564598,9.443494240792962,9.471896481487274,9.503691379521454,297877650.3092727,1089512.596241401,296146219.6464347,297074089.08225316,297810034.3776468,298705727.4401827,299708411.3445886
2059,-2.1315037714536573,0.007376543603738086,-2.1434070418518703,-2.1358145237861064,-2.132185552911438,-2.1276584418070414,-2.118396964773219,35.81780000000001,0.02789193431800677,35.78,35.79,35.83,35.84,35.86,5.124789395712739,0.006300142528226728,5.115651205564815,5.120226093381133,5.123851927339597,5.1293230363639495,5.135501348552355,143.07935780320366,0.07711107763179936,142.98003255730143,143.02279949280668,143.06301925141784,143.12848211383854,143.22610399029085,7525.730376959281,29.595866340415352,7478.063233888855,7507.69918546772,7521.7644416063795,7546.792697299514,7574.816022471933,38.1906245753996,0.16276284687348463,37.92733068990404,38.05939255694704,38.198237879967934,38.298384231754575,38.46898851020697,7.659901519628258,0.027747946705518223,7.613903399835318,7.640486605409887,7.657944688108648,7.6798335684637635,7.708292657875443,241562654.32299674,875059.2473052234,240112057.61720657,240950385.5882062,241500943.68419433,242191231.41507325,243088717.25875998
2060,-1.891736024611379,0.00625536033481649,-1.9038010744493767,-1.8957845708390006,-1.8919447608648419,-1.88700799890454,-1.8823273569693262,35.57868000000009,0.03019035607607205,35.55,35.56,35.56,35.6,35.64,5.041253999976908,0.0064923587031898156,5.03165944118316,5.036580637458147,5.040394132773358,5.045943177350838,5.052277650960196,141.69307210628827,0.0816021400983799,141.53753702343627,141.63962328626894,141.71938935069667,141.7441582258121,141.7953486249789,9492.36679732482,37.49269042367269,9433.306519429556,9468.878192587998,9488.319777571573,9517.927247894764,9554.557182775141,35.68676806837871,0.13656287822354787,35.47219293252062,35.589000359790234,35.67711445496222,35.79029836104105,35.925473760901504,9.797337208777485,0.03571755905276814,9.742422110354237,9.772049017332492,9.79465717494288,9.823818835444973,9.860436300686201,309815316.1508453,1129474.939390253,308078768.9424658,309015642.845695,309730567.04891384,310652728.74197507,311810660.8748193
2061,-1.4570050611879193,0.006461929124855016,-1.4656689028740806,-1.4621702275490431,-1.4589821336025852,-1.4518889876383982,-1.4461366132197335,35.33384000000006,0.01643333198106885,35.3,35.3225,35.34,35.34,35.36,4.967860581785837,0.006641780152686666,4.9579033787633495,4.9632004841913915,4.9670386680431555,4.972595071247804,4.97914087493531,140.59776013257095,0.12869417762006358,140.44084218056085,140.49541601147195,140.55156426313337,140.70727422885693,140.81234834390582,8924.729148064733,36.69840305886169,8864.266583311492,8901.90912480476,8924.644488016202,8950.488523018157,8985.17282659726,38.02039610796154,0.1656051290697279,37.7369488771972,37.89107978487218,38.02490621872868,38.13372658021363,38.29982005862845,9.020749489683498,0.03526078228444582,8.963362085182686,8.996521695252822,9.020370816800114,9.044730907031614,9.079565214570984,284478355.9066587,1111984.0301222857,282668586.71832114,283714308.181493,284466414.0786084,285234633.88414896,286333168.60671055
2062,-1.8338424589528026,0.005070425280357255,-1.841702816832685,-1.8375813791892848,-1.8343451742939516,-1.8302629679880231,-1.8257332706762186,35.14376000000001,0.02620424393108845,35.11,35.13,35.14,35.16,35.18,4.911121367417651,0.006788888827780916,4.901001557130295,4.906327502472238,4.91032082989341,4.915923261790935,4.922676766343509,139.74370178179237,0.09249313511773641,139.58990478867258,139.6792993250106,139.73593710567474,139.81516749491388,139.89951160493416,8630.280348117234,34.186281109231224,8575.509879275463,8607.8317757482,8628.348616559972,8653.709396439363,8686.47619541831,35.7517583486841,0.1361579665464139,35.53361757202664,35.65530274784282,35.74114259957326,35.85450227515874,35.986583143953716,8.800584971592103,0.032338314677316654,8.749671306919693,8.776952111648534,8.797150344753081,8.82510739921184,8.857538415222857,277535247.6641285,1019821.0916638571,275929634.3350194,276789961.7929481,277426933.2721331,278308586.9415446,279331331.462468
2063,-2.424672840840455,0.008546553170314245,-2.4354455722719504,-2.4303864554093955,-2.4263463551529276,-2.420271628457969,-2.4078778177362095,34.874759999999995,0.02917777236185061,34.82,34.8625,34.89,34.9,34.9,4.840749836064083,0.0069974957624467345,4.830321669351703,4.835799524236967,4.839997423869537,4.845662551899339,4.85260567891651,138.80376574253953,0.1108416245733088,138.6933406736083,138.72042464512782,138.75988712127037,138.86552342692244,139.0431426623642,9816.78902427916,38.927232338898285,9755.909717110113,9791.936529466586,9812.988274747548,9845.247446771915,9879.956378320067,36.44304861343429,0.16729416972020997,36.16035474301738,36.31142749760524,36.455979519043666,36.55089973019546,36.72319479500644,10.062451482128775,0.037538307599166425,10.00292695525179,10.0346909234664,10.060694847607508,10.088985551842503,10.129153836723317,317329469.94041324,1183808.0684473126,315452304.46082044,316454012.9624364,317274072.7141503,318166248.3629052,319432995.3949065
2064,-3.3614579461392786,0.01219728246822723,-3.383255831474789,-3.3684678577363325,-3.362441849889869,-3.3536312901418204,-3.3409393732359147,34.52724000000005,0.02965101010083796,34.49,34.51,34.52,34.5475,34.5755,4.7491231623759536,0.007138874255235857,4.738223800884887,4.744167851031948,4.7485791574099,4.753982135603784,4.761092757655409,137.5470685985764,0.09361564515784376,137.390882482147,137.47954234585933,137.55242250248233,137.611832435286,137.70446927636223,9745.53406410195,37.84799465407765,9686.562439519188,9721.471453818942,9741.324880229642,9773.207395012469,9807.325215970317,39.01155011902803,0.17294680940848378,38.7242754636905,38.87652461856737,39.0287230405552,39.12175192247529,39.30478850912807,9.878841724028717,0.03474270924757113,9.823797803036749,9.855145890499555,9.877303809218635,9.907438790387399,9.938518425758774,312392684.5339257,1098647.8489103948,310652063.6467493,311643365.40773314,312344051.97663534,313296992.4051465,314279805.0667143
2065,-1.7123901156346524,0.0058011874830733775,-1.7210296394165019,-1.7164880369564395,-1.713298520651238,-1.708500881315325,-1.7020185409649862,34.015280000000004,0.024595153994232344,33.97,34.0,34.02,34.03,34.05,4.624546650782012,0.007376262349163091,4.613145491260755,4.619410036931434,4.624166403618574,4.629534879292523,4.636841234449242,135.95489944329339,0.12625681882765113,135.7934147859341,135.86465000781823,135.924231432502,136.04275284432921,136.17742245078537,7109.634703895939,28.661433044689577,7063.374210448784,7092.448669361651,7108.086592670915,7130.799518256442,7156.253029595275,32.12172626985007,0.13416065798237364,31.89048196166822,32.018955721327465,32.13025403699836,32.21161868444129,32.34398697132393,6.977965192711518,0.025909810266558843,6.935814507973452,6.958616244799406,6.975999044888509,6.996481143902484,7.023038079559585,220057110.31735054,817091.7765661983,218727846.3234508,219446921.89599407,219995105.87960404,220641029.35410875,221478528.87699106
2066,-3.0662277785974883,0.0113927002895884,-3.0876416519331875,-3.0734241958202126,-3.065188753795752,-3.0576564016744467,-3.0491156273403637,33.71563999999994,0.02335359501233063,33.6845,33.7,33.71,33.73,33.76,4.561028087370387,0.007414932649480711,4.549529826050308,4.555831793595239,4.560716330428844,4.565931513929414,4.573361714322341,135.27921560989915,0.13218988497635045,135.0600002318612,135.18788705030383,135.29909083328008,135.3680122231426,135.4793712957726,11010.303888915587,44.43963519635094,10938.37830698249,10982.17423324105,11005.368218755779,11042.120905218337,11083.810562902872,38.47960201069484,0.15322105164440064,38.23414236240183,38.367416768926205,38.47171385197451,38.590547407024864,38.74834800128757,10.88283957444269,0.04030953537628264,10.819274110699359,10.854829022162289,10.879242381462193,10.91229980346769,10.952178319416545,343201228.81962436,1271201.507626451,341196628.35501504,342317888.0429099,343087787.7417917,344130286.60215706,345387895.48112017
2067,-2.508350872401809,0.009247497191703116,-2.523335750372648,-2.5144770911229584,-2.5090001554710035,-2.5033037941502223,-2.492037869125154,33.293080000000025,0.02846249462011355,33.25,33.27,33.3,33.32,33.33,4.449095037209087,0.007625003285729273,4.437236292976025,4.443779306916678,4.448757402221022,4.454054550333935,4.461938818890501,133.63413495625224,0.12072262969735192,133.45071557822632,133.54947470477032,133.61667038907893,133.69833667962772,133.86856156768974,7774.530604129115,30.953788918530382,7724.226415864595,7755.299145170657,7771.970988464144,7796.818722167347,7824.72318094611,34.75566266240852,0.12700424429486265,34.547772488246004,34.664516860073064,34.744211667578355,34.85106856406978,34.97324592441273,7.295834646066549,0.02571407093341598,7.2535179607559845,7.278714598796739,7.2938685120765605,7.313331470978704,7.3396312798999155,230081441.39835465,810918.9409562062,228746942.41040075,229541543.58765396,230019437.3968464,230633221.2687844,231462612.04292375
2068,-0.6883399809179037,0.005202913761471852,-0.6969423359158685,-0.6913291353527821,-0.6887892196938943,-0.6848989976613097,-0.6794831841804079,33.00015999999996,0.03211190433468551,32.96,32.97,33.0,33.03,33.04,4.357889989217262,0.007883433375946717,4.345502653682692,4.352350005005434,4.357556806277808,4.3631214193508825,4.371123309933385,132.0565308835461,0.11749178056492886,131.84170672580984,131.99664387127103,132.04703597607858,132.11143696386262,132.28057710493792,6765.074481846484,27.146802716570203,6720.004960018582,6748.112436770972,6763.204324091809,6785.430315926439,6808.847731690098,29.88678110052316,0.11055521772993221,29.701918071435156,29.804492189363074,29.8828705662472,29.96657281266499,30.081429816641116,6.4274225639447184,0.02295047767117124,6.389833518665157,6.410299719000036,6.426673816396251,6.444470356510514,6.466194140362292,203250527.28608558,725749.1851088441,202061871.46063706,202709061.83410674,203226850.09160882,203789619.4017181,204476577.58419254
2069,-2.1064179453530127,0.007483911099894472,-2.118697826830241,-2.1113777338007367,-2.1066994664001104,-2.1017038950662275,-2.093387002993503,32.91827999999999,0.028153891382897898,32.87,32.9,32.92,32.93,32.96,4.332730235527832,0.007995899686616284,4.320269911945557,4.327242992670126,4.33233574800583,4.338014687001663,4.346116120156495,131.62068829864532,0.1334735702919428,131.43768010456427,131.53088656084566,131.60586888739334,131.71869658892376,131.8603191795053,8177.902523944034,32.50414137018688,8125.555640107656,8157.749138637358,8174.036247559112,8201.022570559486,8231.134718619018,43.85426765839587,0.1812267470472043,43.54291975863088,43.71236827075235,43.85997165329263,43.972680927449524,44.16066606394823,7.684261486290303,0.02712211270378182,7.64046628202748,7.665612733889111,7.682356845801037,7.704665714349306,7.731667384941499,242330870.23165086,855322.9462264639,240949744.67001858,241742763.175927,242270805.48918152,242974337.96771973,243825862.6515151
2070,-1.4213256724275827,0.0068734681515437495,-1.4321006834772554,-1.4250479024076947,-1.4221948642130684,-1.417090914151458,-1.409180779003204,32.64623999999997,0.030031023958567334,32.6045,32.62,32.65,32.67,32.69,4.256884877471619,0.008187036725557956,4.24402890388879,4.251230994681804,4.256546945217046,4.262355559701362,4.270593932808866,130.3942283755103,0.1403834319259479,130.17470470892187,130.32059594743558,130.37216328998403,130.46695928072734,130.65485527228572,7772.417352975579,31.96805464272589,7721.061256619169,7753.330815707841,7770.523796143481,7795.289062374198,7825.551719794549,36.42219227538875,0.15491594448490426,36.16067905775773,36.3028292375019,36.429720780578286,36.52733556000074,36.691682854746816,7.17913720703493,0.02646322798012542,7.136605759209973,7.160459751051157,7.177691573729856,7.198079796059181,7.222819786135661,226401270.9610535,834544.3575812357,225059999.2224457,225812258.7091493,226355681.46914473,226998644.4485223,227778844.7755742
2071,-1.7036209944609815,0.006767257958007342,-1.7159399691154125,-1.7077670119364536,-1.7040214471077493,-1.6993944344193053,-1.6906914100845323,32.474959999999946,0.03133366240961966,32.44,32.45,32.46,32.5,32.5255,4.205658297490673,0.008361741025002539,4.192574890478708,4.199915768594401,4.205281401497281,4.211224170646556,4.219642894834486,129.5045285924808,0.13953594339199588,129.24090291241393,129.42729641277046,129.50795395443228,129.5790535687807,129.7363238654259,7605.812426513051,29.812654691134316,7559.803784896897,7587.625493479525,7603.8344965338,7626.422273206967,7654.885090706084,25.368529831329194,0.09391809748319287,25.224010047625942,25.298495319084175,25.357262824753356,25.436816209990017,25.52706316933317,7.228059836447707,0.025183254037518515,7.189470631241854,7.210351601930025,7.226721512950341,7.245198850789511,7.271729754972283,227944095.00221482,794179.0993271823,226727145.8268431,227385648.11846527,227901889.63240194,228484590.958498,229321269.55280587
2072,-0.9903240918432723,0.005315899653755819,-1.0003031180018518,-0.9932429832605825,-0.9900645485063468,-0.9865534233486994,-0.9819649099972726,32.23127999999995,0.0376611417777005,32.18,32.2,32.22,32.28,32.28,4.145114209202987,0.008461094824332804,4.131785245766956,4.139327784223539,4.144787608030878,4.150657468161462,4.159333508170783,128.60520480886484,0.12509215015094244,128.39583549285805,128.53473059575703,128.60926319949056,128.64351532613654,128.84497950454931,7284.269410434491,29.873366096181243,7236.398151789456,7265.99957745539,7284.126716908333,7305.823981569883,7334.9995847289865,29.828569334681877,0.10812279979405488,29.643921282414844,29.750204980970775,29.82792312426298,29.902731033055655,30.02253385056796,6.828598799518454,0.024887589786390482,6.78794519965602,6.809952661600757,6.8275858543235755,6.846040405421357,6.874149735859735,215936682.6778922,787005.3192611551,214651118.28160253,215347047.0462038,215904650.91976184,216488228.11639634,217377112.6072509
2073,-2.5533973418866167,0.010963679715467597,-2.5721929438598026,-2.5614309356746916,-2.553608006210562,-2.5456802936991143,-2.535870425768837,32.07715999999998,0.03434435033597232,32.03,32.05,32.07,32.09,32.15,4.109766653552932,0.00860732852322012,4.096268955721341,4.103961542151619,4.109406230688798,4.115353878522928,4.1242423381910225,128.12114226504715,0.13795339359790768,127.88850938873996,128.01079345035586,128.13419660617552,128.2401369092573,128.30703600624693,8332.855554796131,33.677259184269694,8279.24299964812,8312.286181071968,8329.93209309327,8356.437901026493,8387.943354068299,37.738084750465674,0.1453583928290347,37.49010373279941,37.6274714504193,37.73618092793214,37.84144759095796,37.99039240973257,7.597283835181419,0.026281030801576673,7.557790045450386,7.579713302399119,7.593973002495897,7.616816422447137,7.643008552733456,239587943.0262812,828798.5873585215,238342466.87332338,239033838.70445862,239483532.60671058,240203922.6982929,241029917.71900228
2074,-1.5988957509166082,0.006113696030541851,-1.6073023023336073,-1.603934301123543,-1.599694248516888,-1.5942296538657026,-1.58968405791169,31.715479999999967,0.041751282615028674,31.64,31.7,31.72,31.74,31.7855,4.020424881963121,0.008752251778583648,4.0066301012820364,4.0144781805435175,4.020046974020766,4.026074195215793,4.035192920277202,126.76524274344838,0.1158508052403781,126.62398035243454,126.67763958571616,126.75041304193991,126.85225432092965,126.95751136457775,7729.6257228855975,31.379201542982983,7679.139670289641,7710.458573588901,7727.836440283043,7753.282629803644,7781.53744904413,35.516220776105556,0.15298493770826516,35.27191372944293,35.39888139825439,35.522935699412244,35.61264060733219,35.78207949944036,7.200593574446284,0.02542756483344768,7.160195448875407,7.1805781137936755,7.2017013940430825,7.218520712451243,7.246270388426678,227077918.96373796,801883.6845876054,225803923.67573482,226446711.39659736,227112855.16254267,227643269.1878624,228518382.9694237
2075,-0.5407822816671319,0.005291152775683298,-0.5500103686177926,-0.5443468975359945,-0.5406139699109591,-0.536741444882138,-0.5320625729271445,31.464079999999974,0.03039989473665994,31.43,31.44,31.45,31.48,31.52,3.964662148758545,0.008891198307532822,3.9507533841749645,3.958587756851668,3.9642510006552802,3.970426330408388,3.979654449843933,126.00582992270307,0.16696730780704971,125.70007585666448,125.88359854530529,126.03557401974813,126.1100577918529,126.25807264733291,7741.784104004825,31.62253255770348,7690.07136794981,7721.381983085245,7741.496988880746,7763.478735510872,7794.499834485898,28.74750771593032,0.12164436534485223,28.538562413079607,28.650934621300525,28.757171318552736,28.826789266137382,28.950076846143116,6.975100172131708,0.02546384368125276,6.9332270672365075,6.955884170041015,6.974932338158685,6.993612427886034,7.020221320430802,219966759.0283454,803027.7743319859,218646248.7923705,219360763.18641347,219961466.21617228,220550561.52581394,221389699.56110576
2076,-2.5470535947224575,0.008473281026774842,-2.5590335355307805,-2.5532961415471904,-2.547825756841476,-2.5412763429361016,-2.5325710987984573,31.400800000000064,0.03899948717611571,31.34,31.38,31.42,31.43,31.45,3.9457803396796236,0.008991407735476596,3.9317811916336995,3.939717153753083,3.9453368533915656,3.9515487579259174,3.9609365956694496,125.65845004717323,0.14747133601890963,125.46667386812949,125.56478251871263,125.6140896157642,125.72538205300404,125.94392990999839,7704.958230374965,30.683775628111395,7655.499226624638,7685.554786058005,7702.731746965988,7727.131812919153,7755.322078726297,28.825377628120147,0.10528591029544508,28.651628172385408,28.7482722984763,28.821463361899404,28.90140688187252,29.012594991909594,6.99216869818224,0.02455446500009584,6.950622867241519,6.9738717469653775,6.991972581759786,7.008687073539008,7.0330216565771675,221109155.44139802,776471.1140190308,219795376.55705822,220530561.93123797,221102953.76944065,221631506.11427993,222401024.0329458
2077,-1.7336514454809542,0.0066547429295083105,-1.7453903629314997,-1.7372347521155411,-1.7334782384213567,-1.729325001845021,-1.7226218271747762,31.084920000000032,0.04105841692028582,31.0345,31.05,31.08,31.11,31.16,3.8586030906968625,0.009205018707754241,3.8442053147393604,3.8523311663942112,3.858288232681436,3.864554648552654,3.87405292882134,124.13086317765345,0.14050045210044437,123.870107335295,124.06863659884738,124.13174918073918,124.22226449863882,124.33144352335256,9649.327259162508,39.218797203774145,9584.518185373852,9623.64147325404,9649.06172255786,9677.94716183389,9714.210839107527,31.006763021409,0.11891030730007363,30.808597741796397,30.914838023284926,31.01403604471239,31.088558886115816,31.20343486445615,8.684376173137661,0.030885816742849855,8.633384125669838,8.660857303824265,8.68433079941532,8.705538491976512,8.738727132877662,273870486.9960691,974015.1168025155,272262401.78712404,273128795.93340206,273869056.09036154,274537861.8829713,275584498.8624299
2078,-2.5508811566509313,0.00843196933127849,-2.5648685219689344,-2.5563282119723283,-2.5510317895228907,-2.5450947909722323,-2.5375237163650404,30.82688000000007,0.035797564162942566,30.7845,30.8,30.82,30.84,30.9055,3.7995291972566165,0.009313447529063533,3.7850615372299075,3.7931960317234426,3.7992689814871263,3.805398388037131,3.8151127930082134,123.2535960907997,0.16653836967149832,122.96825298644112,123.15571531569617,123.25741440216285,123.3767684637517,123.4902439626583,8424.450953291847,33.47639435200188,8371.629727183568,8403.925828612706,8420.988989083837,8448.822846583927,8479.084563456598,32.80263653196959,0.1219372741221505,32.61010083822623,32.71095976922058,32.801815134195465,32.89269876231328,33.0190419103643,7.557622149217249,0.025921134413481792,7.516684064755559,7.53784102515793,7.5558935218741565,7.5764497565209865,7.603557605043537,238337172.09771526,817448.8948635617,237046148.66613132,237713354.5693805,238282658.1058234,238930919.52164584,239785792.632653
2079,-1.9892811976560583,0.004262510878816276,-1.9950983785364163,-1.9924130683615717,-1.9899327373229745,-1.986719671799987,-1.9820801700385984,30.450360000000018,0.05996891194610764,30.35,30.43,30.46,30.49,30.55,3.7143910062422316,0.009358643029605665,3.6997411401788862,3.707895702640796,3.714094779246854,3.720259020041946,3.730057661413551,121.98172583036647,0.09113738046558977,121.86841298631201,121.92241435998884,121.96481430398657,122.0234033630395,122.12271876475884,7535.201622552539,28.196770265932134,7490.230970513773,7516.8263540844155,7533.627596160863,7556.5832717324465,7582.828988698254,29.97047864292802,0.11579335629274531,29.78450808313301,29.8812733490567,29.973729398821142,30.049687417164673,30.174942291070565,6.618484795805021,0.02173686986428751,6.583234161003406,6.601710862168783,6.6185537092449795,6.632327313805284,6.6569827433466084,208720536.52050707,685493.9280401719,207608872.50140342,208191553.74935475,208722709.7747497,209157074.16816342,209934607.79417863
2080,-3.51714765283702,0.011250145162713847,-3.5352953435864034,-3.52493757607238,-3.5173992646994297,-3.5087574555813013,-3.4988890737728227,30.02627999999995,0.055965718078123686,29.959,29.99,30.02,30.07,30.1255,3.6489234654333624,0.009368337613640728,3.634095111160146,3.6425617072633556,3.6485860345160788,3.6549404439648097,3.6645316611516425,121.52418483057416,0.10730484247971574,121.32300048674071,121.45920997877144,121.55680092622165,121.60267766510421,121.6499643543693,9324.77867573566,35.78669864503522,9266.967344004304,9301.099243387744,9319.180998579628,9350.2906313796,9383.705433590774,39.13320937196404,0.144432026772356,38.932775376211865,39.02412162141186,39.136478901286694,39.2299663436404,39.405884427925535,8.196284812873511,0.026502935603033396,8.158953698781517,8.174864083921616,8.19332539458469,8.214919105637591,8.24808630266571,259186196.86661154,838086.4308133621,258005697.44434866,258508822.00740287,259092612.9577149,259775457.9261141,260824284.29741615
2081,-1.457916979005282,0.005503168547546721,-1.4669425612404998,-1.4626927944875834,-1.4573088985556546,-1.4530597416632085,-1.449863238326165,29.342440000000025,0.051583392676325446,29.27,29.3,29.34,29.38,29.43,3.5365946640804915,0.009388084688381152,3.5214208457533167,3.53023012990305,3.536251145195021,3.5428200276173967,3.5521070286479124,120.52812671569752,0.11664150294956388,120.31907638093404,120.47734906192167,120.532424997643,120.61218394016504,120.68593871238545,8220.652909797684,32.68272325471566,8169.149677097748,8201.23808728005,8217.370730246876,8243.523893520047,8275.507720581138,26.282580602394866,0.08702455115631312,26.155142787649957,26.213088913500805,26.271994528891536,26.347637127111554,26.442656430790507,7.089902254464096,0.022905678632220684,7.05605130555407,7.07240074583624,7.088722283102345,7.10564927898271,7.132790454653137,223587157.4967797,722353.4813457114,222519633.97195318,223035229.92069167,223549945.91991556,224083755.66199875,224939679.77794135
2082,-4.146257777357965,0.01247234210625905,-4.167520489027956,-4.154559086331415,-4.145132085007932,-4.137189057553158,-4.127031566398229,29.089960000000016,0.06838419700486373,28.9845,29.04,29.08,29.15,29.2,3.489586511970221,0.009391820367716016,3.474369168034122,3.4832509332765578,3.489257359702274,3.495716086641715,3.505133494254718,119.9583641681973,0.06403475973768742,119.86052691074566,119.92481040896605,119.95577795400413,119.98482094468872,120.04770722110229,10633.252532505805,40.78958402195728,10567.7797581058,10605.85327444732,10627.55954752121,10662.804022069224,10701.208052145725,37.623655213170245,0.13979187722701011,37.4053251978064,37.519801855033606,37.628660137872046,37.7141648070794,37.874377394122185,8.82705670452979,0.028134331498273452,8.78374631423499,8.807317323770025,8.826516261486642,8.844589155948647,8.875525699302546,278370060.2340515,887244.278129553,277004223.76571465,277747559.1224115,278353016.8222427,278922963.6219965,279898578.4532051
2083,-1.2052772663159044,0.003078636202091392,-1.210151595969902,-1.2076420328005306,-1.2050748255278778,-1.2033903781516266,-1.2004715416962675,28.355199999999968,0.060373504122255714,28.2545,28.33,28.35,28.41,28.44,3.361561106402237,0.009639736339809503,3.345946820892785,3.3549334297295954,3.3611273067868837,3.3678469608100405,3.37773007658374,118.55166522236324,0.10290979045326477,118.42731913322467,118.47307494450739,118.53726296768376,118.59526810807095,118.75706005146495,7369.96732622756,29.35246517019144,7320.800944544984,7350.343002457339,7368.972085441817,7391.379995627396,7420.156171588778,26.106972927777107,0.11384000077249008,25.927794320868404,26.026421425551682,26.107290512394624,26.187817169848863,26.30022013407505,6.092383849822832,0.02095138103041842,6.058845609221496,6.077761031951547,6.092411294906457,6.1068569851490055,6.128370441348687,192129417.08801267,660722.7521752752,191071755.13240913,191668271.90362397,192130282.59617,192585841.88365903,193264290.2383722
2084,-0.9922977207224825,0.004477191114842237,-1.0000878071082082,-0.9953436829726988,-0.9922382422943319,-0.9883787885450094,-0.9858860542329219,28.11836000000004,0.050881336460434995,28.0445,28.09,28.1,28.14,28.2055,3.324058579289019,0.009605518459811271,3.3085318886523307,3.3175152124276837,3.3236395916325394,3.330370021942774,3.3401118517450117,118.21643940766525,0.137697191480411,117.9685693197354,118.10585495487648,118.25889517555201,118.31984906172062,118.39866204303203,6758.739904616199,27.50953291287443,6713.342014490297,6741.626908239561,6757.323571015848,6778.225281814404,6803.866777441735,27.130172878634188,0.100749463147163,26.978528062353234,27.04939476309136,27.134926715736345,27.20010636545684,27.313117940433727,5.4364880080865365,0.018294201986895624,5.409481977547931,5.4223588096125575,5.437280943936491,5.4485340690639665,5.4708098646523995,171914798.3869155,578506.5729104071,171060802.8868117,171467999.22109216,171939872.92153728,172295723.7455684,173000137.86398405
2085,-1.9696108014792146,0.004457275821170852,-1.9764684346571342,-1.9727424486388836,-1.9696911181892351,-1.9668136870051798,-1.961609765013102,27.934519999999946,0.06052412411592562,27.85,27.89,27.94,27.97,28.04,3.293332309109821,0.009584038207829458,3.277910658365117,3.286862059256318,3.292866968271794,3.2996275981909444,3.309328206421649,117.89453758509191,0.10156384996765898,117.7153172074941,117.8283584720352,117.89673567116148,117.96951319446657,118.06383651156699,9058.48898030698,36.26424490440527,8997.54808811486,9033.649997665447,9056.009487136509,9085.54514253936,9117.883989286793,34.00460844655159,0.13502324700426596,33.79779229949295,33.90063518712569,34.01065188634499,34.09908657828513,34.24725231127684,7.096080710456065,0.023456493219948672,7.061058614573512,7.0776635465116895,7.096457455659096,7.1120836564998315,7.137980871085378,223782001.28494266,739723.9701843008,222677544.46919027,223201197.60279265,223793882.3216653,224286670.19137868,225103364.75054848
2086,-1.9168379281143308,0.003853063716324538,-1.922575559204565,-1.9194833545847207,-1.9170286897156017,-1.9145760105167748,-1.9096205519689928,27.44115999999996,0.09147160433708354,27.3035,27.37,27.42,27.49,27.61,3.2339160103740703,0.00947022532200198,3.2187862979716857,3.2274541441821523,3.2333529948576087,3.2401239799002663,3.2498136407363645,117.84927359791057,0.07601959826705004,117.69376880936818,117.80923111725646,117.85149639567454,117.90418352774537,117.9711057861315,9364.45610038949,35.05723077966748,9305.03286234174,9339.458728977395,9362.396177982373,9390.040890680495,9426.695442229639,32.445256154801775,0.1269644056888165,32.24159284876434,32.352665960479484,32.44010667234321,32.525944947491006,32.64817368237038,7.530232348623712,0.027158688707838153,7.487686236008129,7.5121609161474145,7.5306620718367165,7.547153550047849,7.573929580646328,237473407.34619743,856476.4070903845,236131673.13875234,236903506.65162486,237486959.0974427,238007034.35430896,238851443.2552626
2087,-0.8444715141779365,0.0038055972236869027,-0.8496046497564234,-0.8472259732197467,-0.8448522752784169,-0.8423937457665822,-0.8381195471352301,26.980560000000004,0.09220675897134663,26.829,26.91,26.98,27.05,27.12,3.1772541609775895,0.009376070416096666,3.162275835573545,3.17086575535603,3.1767503800830257,3.183500416393797,3.192866976238041,117.76106703045568,0.07513673412413166,117.66623746738554,117.70052442694532,117.74038049322107,117.8209953807648,117.90265448578293,6480.9468111084225,24.523526180898855,6440.050900479384,6463.983722172977,6480.431204702696,6499.7137841185295,6522.953690607657,27.568054287220676,0.11015656992015933,27.37955879128743,27.50352388093729,27.55762232601673,27.644278691061345,27.766034583917158,5.050027242837581,0.018375968827716502,5.01723859893402,5.038967035433943,5.048764004854611,5.062604726970435,5.081550272583023,159257659.130126,579504.5529508665,158223636.45598322,158908864.42944485,159217821.65709502,159654302.66973966,160251769.39617822
2088,-2.2661124586447956,0.005517957294231402,-2.2758033349587308,-2.2698262935881717,-2.2662224978803907,-2.2621743532605234,-2.2576459419494936,26.742280000000036,0.09067304781466219,26.59,26.67,26.76,26.8,26.88,3.1522126604710508,0.009191409702755348,3.1376710937768206,3.1460125451315633,3.1517754891277177,3.158299399022842,3.1675303213596915,117.87394900414057,0.08189168186646534,117.76889099642639,117.80918523613262,117.85799236700248,117.93811199852911,118.00752602219242,8109.641857132518,28.170303533123366,8064.530822139053,8089.858955569452,8107.226211655718,8129.029253358306,8160.37512800636,29.332979979850435,0.12601059204078316,29.120645782065044,29.255725463069574,29.325018356984998,29.414961692055588,29.57729464718083,6.2256415322899175,0.022360912737210456,6.187574390616595,6.2116589376797915,6.225488012135897,6.24158970883707,6.263372833047876,196869726.79068476,707105.726941164,195665952.40983418,196427563.59088543,196864872.11496618,197374046.40872937,198062881.07577318
2089,-2.853114348886347,0.010820088493927286,-2.8689970834609806,-2.861278177019158,-2.853624002857133,-2.8461438623840944,-2.833900831952464,26.18191999999996,0.06225362318773122,26.08,26.13,26.19,26.23,26.26,3.087799073456361,0.009239511306137383,3.0728907596792023,3.0815652913607954,3.0875358221991114,3.093867010291757,3.1030333084942128,117.93617003227301,0.111650718422275,117.79599785179887,117.84221035604008,117.91119011030096,118.0069590776184,118.14716710964206,7709.647830587748,30.72215134213737,7658.348364005402,7689.6090617105865,7706.97898297527,7732.588107787958,7758.677780889079,31.121543761331242,0.12226695832665993,30.91769726292118,31.03039064514501,31.13107491478928,31.20009793732547,31.329837565662718,5.802546010260677,0.0181484444639656,5.776277924470391,5.788640823320154,5.8021626781954625,5.814336376031479,5.834114502055085,182989090.97958076,572329.3446156193,182160700.62609828,182550577.0042244,182977002.2195721,183360911.95452872,183984634.93680918
2090,-3.1268594420049176,0.011886516788305901,-3.1481069940271027,-3.1360949313831226,-3.125516666293409,-3.116722135056942,-3.110320166612785,25.58212000000004,0.05731933007284712,25.5,25.55,25.58,25.6,25.7,3.0078169587848986,0.009130186899100003,2.9928613019716814,3.001600512498002,3.0076881641506317,3.013676231721964,3.0229343691734196,117.57478852253851,0.12510943410097766,117.35864165958498,117.47947211342475,117.60986152116675,117.6634353880001,117.7445856196012,8938.15677272361,35.18045355656828,8883.709675317386,8914.204957772921,8933.913328494134,8962.175277486103,8995.480929580568,32.35228538444002,0.11513473719150981,32.17524131138319,32.26418796323924,32.34292630351074,32.436766872135465,32.54073700122706,6.708443323963599,0.020801453706033222,6.6779470117512,6.6912322969230535,6.707967271493761,6.723559900660769,6.7444443447281275,211557468.66451612,655994.6440734635,210595736.96258584,211014701.71576542,211542455.87382722,212034185.027238,212692796.85534623
2091,-1.63704792861752,0.005868619233825354,-1.6465386917361668,-1.6401508898287354,-1.6369077236419918,-1.63260580025641,-1.628660674991502,25.078040000000037,0.07083896103134191,25.0045,25.03,25.035,25.12,25.22,2.921514973520344,0.009348837139138333,2.9064122245465223,2.9151371509842434,2.921497129113452,2.9271530147017493,2.9373416328053468,116.49688092780059,0.12864208352991924,116.22044075802376,116.4296557217013,116.51372723615233,116.58583988300087,116.67457408734191,8859.67766121755,34.86234898633663,8802.523476586543,8836.098496555365,8856.171086421778,8884.171503753505,8917.947520712134,21.323278710795964,0.0916706990235508,21.17610349855585,21.26763058498938,21.32034741017187,21.3876328661258,21.481753619123506,6.596487175050839,0.02273989303625811,6.561221112689447,6.579746568575173,6.596269493907592,6.611684046943399,6.636566810007612,208026819.5524035,717125.266791437,206914669.0097744,207498887.78658664,208019954.7598698,208506068.104407,209290770.92040005
2092,-2.2390695366603275,0.005558553260773233,-2.2471143293839724,-2.243891526352051,-2.2388204749492537,-2.2347092526050925,-2.230236371225969,24.80888,0.08175784732978243,24.69,24.74,24.81,24.87,24.95,2.8766195368593044,0.009341574337755728,2.86161385744311,2.8702793471816377,2.8765949639771153,2.8823664446330093,2.892470942829247,115.95123429616395,0.05017489168170298,115.87434495532506,115.9109031676947,115.95254133591303,115.98310928860879,116.0358547789018,8919.808223514137,32.98422003727477,8867.636757784427,8897.872532369427,8916.50525406213,8942.055719944387,8976.313887690894,28.59511674150346,0.11904884534193387,28.394987837937187,28.518425460066254,28.59868283673756,28.674719253029743,28.801954570498506,6.45949740526873,0.022250035858257123,6.419914532389837,6.444960182401227,6.458967534974114,6.473161700442088,6.497495389791177,204264810.74836996,703599.5339241502,203013105.30904436,203805108.87196457,204248054.9779654,204696908.55605984,205466398.21413252
2093,-0.7651277759162647,0.007941490827629334,-0.7766895524046586,-0.7708740759195379,-0.766073307274457,-0.7600961488773266,-0.75045299513859,24.279120000000017,0.10023984038295333,24.12,24.2,24.28,24.35,24.43,2.8171477030853374,0.009117090353673805,2.802630157242198,2.8107099749160955,2.817216723627724,2.822964541437752,2.832624567164928,116.03215198332177,0.12266641242386485,115.85900787635877,115.91561627793172,116.01367072238416,116.14441600681077,116.19971745157659,7690.823783982749,28.527556773235748,7641.153983166156,7670.285383737989,7689.287529459387,7711.789426509908,7740.656125038744,18.06759876167957,0.07128524407463704,17.942517702344684,18.026430099995665,18.066100791889887,18.111239658431675,18.187969830265946,5.425632298314475,0.02297263110146514,5.387510732888738,5.409733740826051,5.426434936907736,5.440859443102892,5.461183266337167,171102740.1596451,724464.8944158047,169900538.47237924,170601363.25069034,171128052.17032236,171582943.3976928,172223875.48720887
2094,-1.0024177934935357,0.009266828882554482,-1.0155877881139326,-1.0107820136930874,-1.002926040450122,-0.9939685501761647,-0.9890031001867802,24.05883999999999,0.09938940788635367,23.92,23.98,24.045,24.13,24.21,2.796735490291598,0.0088472621226483,2.782833518762309,2.790616674700238,2.796709645363541,2.8023155257138135,2.811849755104504,116.24613887358545,0.135779016585783,116.04342117091404,116.12064286679808,116.27191778902693,116.37617899315524,116.42277024386645,7677.605096946615,27.86290416179029,7631.01451251842,7656.572031003685,7677.938562125708,7697.0867285368295,7727.337818661542,23.01556218500463,0.11073335085666455,22.828809647352383,22.95099162569824,23.01792202016831,23.088228405945475,23.187036651017355,5.387216861582015,0.024334282795526643,5.3461824069583255,5.370486618267962,5.388586602515495,5.404416868873313,5.428564958011994,169891270.9468504,767405.9422397282,168597208.38583776,169363665.99369845,169934467.09692866,170433690.3767888,171195224.51586622
2095,-2.059055262829496,0.006245604185823713,-2.067899017739158,-2.063345172639533,-2.0594498503020664,-2.0559190554640248,-2.0471984283003883,23.85552,0.05592789643818175,23.76,23.82,23.85,23.9,23.9455,2.7703663394576954,0.00865870188891882,2.7566015312564303,2.764459753695487,2.7703871387353542,2.775819379337328,2.785100525550027,116.13083897253372,0.10464086042946175,115.99131457714468,116.05334630416539,116.11133767799546,116.17444446514183,116.33721297141632,7942.1468576704565,32.38766007251135,7888.516465845097,7920.737540079958,7937.193927926668,7965.670535750203,7993.5628052626425,30.3577492763025,0.12130634652439018,30.15731510766954,30.26826028244111,30.373931943149188,30.433153931727972,30.56724130839382,5.4655843362725545,0.01830451466658696,5.439227263481618,5.451005899088019,5.466882757055844,5.477445107817747,5.497872969878723,172362667.62869126,577251.1745254861,171531470.98115632,171902922.03363973,172403614.62651312,172736708.92014045,173380921.9780954
2096,-2.1673328751964998,0.004592427174430044,-2.1756292418008054,-2.1701201018991787,-2.1673849620169205,-2.164436750216132,-2.1596860498670325,23.310760000000013,0.11261892558535648,23.15,23.22,23.31,23.4,23.47,2.7175425302558316,0.008495550590549501,2.7041717041726163,2.7116859076272233,2.7175313030361608,2.7229275062370646,2.732053292865068,116.57986802364876,0.2091532141642261,116.26459943218194,116.38758644472419,116.59459919380404,116.77953721570816,116.86718572596818,7993.2999176395215,31.21896581933056,7942.306002674042,7970.612699609691,7990.33132400196,8016.097643599585,8045.989793664513,25.563995414289607,0.11345048670177432,25.36032187214498,25.493332732725513,25.569305874910732,25.635805795932356,25.758419528660788,5.43775844736442,0.023648868693916934,5.395470123688779,5.42285592706072,5.439271835619139,5.452038195754783,5.47831357731886,171954972.7259366,747833.9853865196,170617714.43933603,171483719.2678849,172002829.69468266,172406532.64143607,173237423.26740792
2097,-0.2590356600402361,0.006920668006872591,-0.2707873540514323,-0.2641550616902557,-0.25867040742200625,-0.2547226591550885,-0.2481019255754148,22.85687999999999,0.08184293249878095,22.72,22.81,22.87,22.9,22.9855,2.6628579818470293,0.008619089877335818,2.649298627392409,2.6569008122710702,2.6628587150094267,2.6683226927778945,2.677431705553555,116.50153285587157,0.06740785845364236,116.41502657116398,116.4588037647067,116.49091016395866,116.52775099665627,116.64697296079835,7139.213699567459,30.499431437572092,7088.300306433329,7118.517283461773,7136.746184964269,7161.424921883603,7187.3377203611435,19.757623415040843,0.09011942048063303,19.599230650341934,19.698114098076985,19.75415596959877,19.81966458779851,19.916995449475028,4.603070964078337,0.017311049041248566,4.573870375559183,4.592527505744487,4.60281811908951,4.615602077570491,4.63181614244524,145162445.9231745,545921.242564815,144241576.16363442,144829947.42115813,145154472.20360678,145557627.11826304,146068953.86815313
2098,-1.7431048425603866,0.006017887305325122,-1.7520932286140016,-1.746354422090552,-1.7428582408766062,-1.7393186503155291,-1.734107629587947,22.796559999999985,0.08304315986280864,22.67,22.72,22.795,22.87,22.9255,2.656246574187675,0.008604693271476936,2.642898304737798,2.6503887966287043,2.6561211325323795,2.6617997335295485,2.670901163274367,116.519817820747,0.08810699331582235,116.37277052865325,116.46170845566468,116.51265394315358,116.58267931107859,116.67828408928189,7236.646867668576,29.907624872029206,7187.182931379574,7215.7641801416685,7233.709741676841,7258.976635129947,7283.952521113193,24.645548237338623,0.0982112414637858,24.477387593207617,24.579102757932862,24.644808294431854,24.70769466807573,24.81800934684088,4.647163033271382,0.016837602296460502,4.619231161757469,4.637481131695717,4.647060669239192,4.6577576014887185,4.67819657237313,146552933.41724625,530990.6260211784,145672073.91718355,146247604.96915612,146549705.26512715,146887043.72054824,147531607.10635903
2099,-2.2511353059872654,0.012495464500161379,-2.2693478855201503,-2.261408896248921,-2.251974835813076,-2.2413496205193066,-2.2298819035532906,22.5668,0.03920408142017894,22.49,22.55,22.57,22.58,22.6155,2.612763254582713,0.00871245898403949,2.5991463196586726,2.6068345039860787,2.6126878849740605,2.6184660583926744,2.6274733329977376,115.77880175605965,0.21212646255838682,115.49888826600566,115.58951397437596,115.75932144324592,115.95331614284618,116.13217269612944,8684.576116004706,38.72881152771254,8618.225189470588,8657.71787305471,8682.126925661729,8713.150017114738,8742.806555579746,28.201276335412622,0.1135991064760771,28.016502045058164,28.116135020232214,28.20739339047892,28.276590463249782,28.40388276242145,5.461943920485212,0.019743173908166257,5.430480411304438,5.447229074991456,5.460606742284852,5.476558528254017,5.4944524593095165,172247863.47642162,622620.7323679309,171255630.25089675,171783816.10893053,172205694.2246951,172708749.7470187,173273052.7567849
2100,-1.7700190534625937,0.009538155653416132,-1.7824525093267154,-1.777842728732045,-1.771968289740452,-1.762649757447292,-1.7530915158002955,22.235200000000027,0.054142035425351655,22.13,22.21,22.25,22.26,22.320999999999998,2.5574635751251926,0.008791644299699041,2.543640776477718,2.5514730071878953,2.557393741997157,2.5632040933734297,2.5721671354356834,115.01847710031497,0.1698289426948153,114.81164466098063,114.88894325370866,114.96720827387003,115.14235343333662,115.36547598185913,9138.932545280832,40.9914583901161,9070.26963081479,9111.472770464145,9135.753343206005,9168.916431943151,9202.94370520868,29.150858004475207,0.13241232500360314,28.931793517675942,29.05316805692207,29.145141958328328,29.251524171373003,29.373950212789893,5.9027056655755,0.022176480958919324,5.868518715837518,5.886186668717052,5.901540836740569,5.919862518269347,5.938401341100329,186147725.86958903,699357.5035204807,185069606.22265196,185626782.78466097,186110991.82745057,186688784.3761421,187273424.69293997
